meeting_key,session_key,driver_number,lap_number,date_start,duration_sector_1,duration_sector_2,duration_sector_3,i1_speed,i2_speed,is_pit_out_lap,lap_duration,segments_sector_1,segments_sector_2,segments_sector_3,st_speed
1269,9900,23,1,,,47.159,26.387,180.0,196.0,True,,"[2064, 2064, 2049, 2049, 2049, 2049, 2049, 2049]","[2049, 2051, 2049, 2049, 2049, 2049, 2049, 2049, 2049, 2051]","[2049, 2051, 2051, 2051, 2051, 2051, 2051, 2051]",303.0
1269,9900,27,1,2025-09-20T12:00:08.347000+00:00,,47.89,26.514,180.0,210.0,True,,"[2064, 2064, 2051, 2051, 2049, 2049, 2049, 2049]","[2049, 2049, 2049, 2051, 2049, 2051, 2049, 2051, 2049, 2049]","[2051, 2049, 2049, 2049, 2049, 2049, 2049]",300.0
1269,9900,5,1,2025-09-20T12:00:13.087000+00:00,,46.561,26.481,177.0,201.0,True,,"[2064, 2064, 2049, 2049, 2049, 2049, 2049, 2049]","[2049, 2049, 2049, 2049, 2049, 2049, 2049, 2049, 2049, 2049]","[2049, 2049, 2049, 2049, 2049, 2049, 2051, 2051]",302.0
1269,9900,87,1,2025-09-20T12:00:20.705000+00:00,,46.813,26.538,156.0,200.0,True,,"[2064, 2064, 2049, 2049, 2049, 2051, 2049, 2049]","[2049, 2049, 2049, 2049, 2051, 2049, 2049, 2049, 2049, 2049]","[2049, 2049, 2049, 2049, 2049, 2049, 2051, 2051]",301.0
1269,9900,31,1,2025-09-20T12:00:25.141000+00:00,,46.794,26.561,170.0,192.0,True,,"[2064, 2064, 2049, 2049, 2049, 2049, 2049, 2049]","[2049, 2049, 2049, 2049, 2049, 2049, 2051, 2049, 2049, 2049]","[2049, 2049, 2049, 2049, 2049, 2049, 2049]",300.0
1269,9900,43,1,2025-09-20T12:00:31.420000+00:00,,46.683,26.47,184.0,206.0,True,,"[2064, 2064, 2049, 2049, 2049, 2049, 2049, 2049]","[2049, 2049, 2049, 2049, 2049, 2049, 2049, 2049, 2049, 2049]","[2049, 2049, 2049, 2049, 2049, 2051, 2051, 2051]",299.0
1269,9900,55,1,2025-09-20T12:00:39.497000+00:00,,46.524,26.661,179.0,205.0,True,,"[2064, 2064, 2049, 2049, 2049, 2049, 2049, 2049]","[2049, 2049, 2049, 2049, 2049, 2049, 2049, 2049, 2049, 2049]","[2049, 2049, 2049, 2049, 2049, 2049, 2049]",294.0
1269,9900,6,1,2025-09-20T12:00:46.302000+00:00,,45.93,26.593,190.0,216.0,True,,"[2064, 2064, 2049, 2049, 2049, 2049, 2049, 2049]","[2049, 2049, 2049, 2049, 2049, 2049, 2049, 2049, 2051, 2051]","[2051, 2049, 2049, 2049, 2049, 2049, 2049]",299.0
1269,9900,10,1,2025-09-20T12:00:56.095000+00:00,,47.113,26.514,178.0,197.0,True,,"[2064, 2064, 2049, 2049, 2049, 2049, 2049, 2049]","[2049, 2049, 2049, 2049, 2049, 2049, 2049, 2049, 2049, 2049]","[2049, 2049, 2049, 2049, 2049, 2049, 2049, 2049]",298.0
1269,9900,30,1,2025-09-20T12:01:00.395000+00:00,,47.316,26.172,173.0,213.0,True,,"[2064, 2064, 2049, 2049, 2049, 2049, 2049, 2049]","[2049, 2049, 2049, 2049, 2049, 2049, 2049, 2049, 2049, 2049]","[2049, 2049, 2049, 2051, 2051, 2051, 2049, 2049]",303.0
1269,9900,14,1,2025-09-20T12:01:14.898000+00:00,,48.861,26.543,185.0,199.0,True,,"[2064, 2064, 2049, 2049, 2049, 2049, 2049, 2049]","[2049, 2049, 2049, 2049, 2049, 2049, 2049, 2049, 2049, 2049]","[2049, 2049, 2051, 2049, 2051, 2051, 2049]",307.0
1269,9900,18,1,2025-09-20T12:01:23.379000+00:00,,48.21,26.444,188.0,170.0,True,,"[2064, 2064, 2049, 2049, 2049, 2049, 2049, 2049]","[2049, 2049, 2049, 2049, 2049, 2049, 2049, 2049, 2049, 2049]","[2049, 2049, 2049, 2049, 2049, 2049, 2049, 2051]",306.0
1269,9900,22,1,2025-09-20T12:01:34.563000+00:00,,46.716,26.236,161.0,192.0,True,,"[2064, 2064, 2049, 2049, 2049, 2049, 2049, 2049]","[2049, 2049, 2049, 2049, 2049, 2049, 2049, 2049, 2049, 2049]","[2049, 2049, 2049, 2049, 2049, 2049, 2049, 2051]",302.0
1269,9900,16,1,2025-09-20T12:01:44.248000+00:00,,54.23,26.541,167.0,187.0,True,,"[2064, 2064, 2049, 2049, 2049, 2049, 2049, 2049]","[2049, 2049, 2049, 2049, 2049, 2049, 2049, 2049, 2049, 2049]","[2049, 2049, 2049, 2049, 2049, 2049, 2049, 2049]",304.0
1269,9900,44,1,2025-09-20T12:01:49.581000+00:00,,51.588,26.348,168.0,194.0,True,,"[2064, 2064, 2049, 2049, 2049, 2049, 2049, 2049]","[2049, 2049, 2049, 2049, 2049, 2049, 2049, 2049, 2049, 2049]","[2049, 2049, 2049, 2049, 2049, 2049, 2049, 2049]",305.0
1269,9900,23,2,2025-09-20T12:01:57.751000+00:00,36.704,41.721,25.353,214.0,216.0,False,103.778,"[2049, 2049, 2049, 2049, 2049, 2049, 2049, 2049]","[2049, 2049, 2049, 2049, 2049, 2049, 2049, 2051, 2049, 2049]","[2049, 2049, 2049, 2049, 2051, 2051, 2051, 2049]",319.0
1269,9900,4,1,2025-09-20T12:02:00.292000+00:00,,50.226,26.221,182.0,159.0,True,,"[2064, 2064, 2049, 2049, 2049, 2049, 2049, 2049]","[2049, 2049, 2049, 2049, 2049, 2049, 2049, 2049, 2049, 2049]","[2049, 2049, 2049, 2049, 2049, 2049, 2049, 2049]",307.0
1269,9900,27,2,2025-09-20T12:02:03.891000+00:00,36.613,42.441,25.205,212.0,221.0,False,104.259,"[2049, 2049, 2049, 2051, 2049, 2049, 2049, 2051]","[2049, 2049, 2049, 2049, 2049, 2049, 2049, 2049, 2049, 2049]","[2049, 2049, 2049, 2049, 2049, 2049, 2049, 2049]",317.0
1269,9900,5,2,2025-09-20T12:02:08.641000+00:00,37.026,41.719,25.111,207.0,226.0,False,103.856,"[2049, 2049, 2049, 2049, 2049, 2049, 2049, 2049]","[2049, 2049, 2049, 2049, 2049, 2049, 2051, 2049, 2049, 2051]","[2049, 2049, 2049, 2049, 2049, 2049, 2051, 2051]",318.0
1269,9900,63,1,2025-09-20T12:02:09.487000+00:00,,50.142,25.9,158.0,210.0,True,,"[2064, 2064, 2049, 2049, 2049, 2049, 2049, 2049]","[2049, 2049, 2049, 2049, 2049, 2049, 2049, 2049, 2049, 2049]","[2049, 2049, 2049, 2049, 2049, 2049, 2049]",309.0
1269,9900,87,2,2025-09-20T12:02:14.891000+00:00,36.461,41.685,24.976,212.0,218.0,False,103.122,"[2049, 2049, 2049, 2049, 2051, 2051, 2049, 2049]","[2049, 2049, 2049, 2049, 2049, 2051, 2049, 2049, 2049, 2049]","[2049, 2051, 2051, 2051, 2051, 2051, 2051, 2051]",322.0
1269,9900,12,1,2025-09-20T12:02:15.078000+00:00,,56.062,26.113,164.0,205.0,True,,"[2064, 2064, 2049, 2049, 2049, 2049, 2049, 2049]","[2049, 2049, 2049, 2049, 2049, 2049, 2049, 2049, 2049, 2049]","[2049, 2049, 2049, 2049, 2049, 2049, 2049, 2049]",307.0
1269,9900,31,2,2025-09-20T12:02:23.078000+00:00,36.579,41.634,25.034,209.0,217.0,False,103.247,"[2049, 2049, 2049, 2049, 2049, 2049, 2049, 2049]","[2049, 2049, 2049, 2049, 2049, 2049, 2049, 2049, 2049, 2049]","[2051, 2049, 2049, 2049, 2049, 2049, 2049, 2049]",319.0
1269,9900,43,2,2025-09-20T12:02:28.735000+00:00,36.662,42.448,24.947,224.0,215.0,False,104.057,"[2049, 2049, 2049, 2049, 2049, 2049, 2049, 2049]","[2049, 2049, 2049, 2049, 2049, 2049, 2049, 2049, 2049, 2049]","[2049, 2049, 2049, 2049, 2051, 2051, 2051, 2051]",322.0
1269,9900,1,1,2025-09-20T12:02:33.937000+00:00,,57.234,25.835,200.0,197.0,True,,"[2064, 2064, 2049, 2049, 2049, 2049, 2049, 2049]","[2049, 2049, 2049, 2049, 2049, 2049, 2049, 2049, 2049, 2049]","[2049, 2049, 2049, 2049, 2049, 2049, 2049, 2051]",308.0
1269,9900,55,2,2025-09-20T12:02:40.460000+00:00,36.179,41.332,25.124,225.0,221.0,False,102.635,"[2049, 2051, 2049, 2049, 2049, 2049, 2049, 2049]","[2049, 2049, 2049, 2051, 2051, 2049, 2049, 2051, 2051, 2049]","[2049, 2049, 2049, 2049, 2049, 2049, 2049]",319.0
1269,9900,6,2,2025-09-20T12:02:46.596000+00:00,36.208,41.796,25.15,220.0,234.0,False,103.154,"[2049, 2049, 2049, 2049, 2049, 2049, 2049, 2049]","[2049, 2049, 2051, 2049, 2049, 2049, 2049, 2049, 2049, 2049]","[2049, 2049, 2049, 2049, 2049, 2049, 2049, 2049]",316.0
1269,9900,81,1,2025-09-20T12:02:53.866000+00:00,,55.405,26.386,96.0,181.0,True,,"[2064, 2064, 2049, 2049, 2049, 2049, 2049, 2049]","[2049, 2049, 2049, 2049, 2049, 2049, 2049, 2049, 2049, 2049]","[2049, 2049, 2049, 2049, 2049, 2049, 2049, 2049]",304.0
1269,9900,10,2,2025-09-20T12:02:56.547000+00:00,36.697,41.827,24.978,212.0,219.0,False,103.502,"[2049, 2049, 2049, 2049, 2049, 2049, 2049, 2049]","[2049, 2049, 2049, 2049, 2049, 2049, 2049, 2049, 2049, 2049]","[2049, 2051, 2049, 2049, 2049, 2049, 2049, 2049]",321.0
1269,9900,30,2,2025-09-20T12:03:05.846000+00:00,36.205,41.377,24.866,214.0,232.0,False,102.448,"[2049, 2049, 2049, 2049, 2049, 2049, 2049, 2049]","[2049, 2049, 2049, 2049, 2049, 2049, 2049, 2049, 2049, 2051]","[2051, 2049, 2049, 2049, 2049, 2049, 2049, 2049]",318.0
1269,9900,14,2,2025-09-20T12:03:14.962000+00:00,36.103,41.726,25.128,224.0,227.0,False,102.957,"[2049, 2049, 2049, 2049, 2049, 2049, 2049, 2049]","[2049, 2049, 2049, 2049, 2049, 2049, 2049, 2049, 2049, 2049]","[2049, 2049, 2049, 2049, 2049, 2049, 2049]",321.0
1269,9900,18,2,2025-09-20T12:03:21.521000+00:00,36.48,41.955,24.868,218.0,216.0,False,103.303,"[2049, 2049, 2049, 2049, 2049, 2049, 2049, 2049]","[2049, 2049, 2049, 2049, 2049, 2049, 2049, 2049, 2049, 2049]","[2049, 2049, 2051, 2051, 2051, 2051, 2051, 2051]",322.0
1269,9900,22,2,2025-09-20T12:03:33.148000+00:00,36.503,41.355,25.02,213.0,220.0,False,102.878,"[2049, 2049, 2049, 2049, 2049, 2049, 2049, 2049]","[2049, 2049, 2049, 2049, 2049, 2049, 2049, 2049, 2049, 2049]","[2049, 2049, 2049, 2049, 2049, 2049, 2049, 2049]",319.0
1269,9900,23,3,2025-09-20T12:03:41.639000+00:00,57.203,51.89,26.114,134.0,202.0,False,135.207,"[2048, 2048, 2048, 2048, 2048, 2048, 2048, 2048]","[2048, 2048, 2048, 2048, 2048, 2048, 2048, 2048, 2048, 2048]","[2048, 2048, 2048, 2048, 2048, 2048, 2048, 2049]",309.0
1269,9900,27,3,2025-09-20T12:03:47.965000+00:00,41.043,50.551,32.369,185.0,164.0,False,123.963,"[2048, 2048, 2048, 2048, 2048, 2048, 2048, 2048]","[2048, 2048, 2048, 2048, 2048, 2048, 2048, 2048, 2048, 2048]","[2048, 2048, 2048, 2048, 2048, 2048, 2064, 2064]",295.0
1269,9900,5,3,2025-09-20T12:03:52.464000+00:00,47.796,51.011,55.011,172.0,179.0,False,153.818,"[2048, 2048, 2048, 2048, 2048, 2048, 2048, 2048]","[2048, 2048, 2048, 2048, 2048, 2048, 2048, 2048, 2048, 2048]","[2048, 2048, 2048, 2048, 2048, 2048, 2064, 2064]",292.0
1269,9900,16,2,2025-09-20T12:03:56.393000+00:00,35.765,41.093,25.124,219.0,230.0,False,101.982,"[2049, 2049, 2051, 2049, 2051, 2049, 2051, 2049]","[2049, 2049, 2049, 2049, 2051, 2049, 2049, 2049, 2049, 2049]","[2049, 2049, 2049, 2049, 2049, 2049, 2049, 2048]",317.0
1269,9900,87,3,2025-09-20T12:03:58.193000+00:00,58.153,52.312,26.345,156.0,197.0,False,136.81,"[2048, 2048, 2048, 2048, 2048, 2048, 2048, 2048]","[2048, 2048, 2048, 2048, 2048, 2048, 2048, 2048, 2048, 2048]","[2048, 2048, 2048, 2048, 2048, 2048, 2048, 2048]",303.0
1269,9900,44,2,2025-09-20T12:04:01.213000+00:00,36.202,41.506,25.044,216.0,232.0,False,102.752,"[2051, 2049, 2049, 2049, 2049, 2051, 2049, 2049]","[2049, 2049, 2049, 2049, 2049, 2049, 2049, 2049, 2049, 2049]","[2049, 2049, 2049, 2049, 2049, 2049, 2049, 2048]",320.0
1269,9900,31,3,2025-09-20T12:04:06.338000+00:00,54.742,53.848,26.744,145.0,173.0,False,135.334,"[2048, 2048, 2048, 2048, 2048, 2048, 2048, 2048]","[2048, 2048, 2048, 2048, 2048, 2048, 2048, 2048, 2048, 2048]","[2048, 2048, 2048, 2048, 2048, 2048, 2048, 2048]",302.0
1269,9900,4,2,2025-09-20T12:04:10.250000+00:00,36.363,41.137,24.907,223.0,225.0,False,102.407,"[2049, 2049, 2049, 2049, 2049, 2049, 2049, 2049]","[2049, 2049, 2049, 2051, 2049, 2049, 2051, 2049, 2051, 2049]","[2049, 2051, 2049, 2049, 2049, 2049, 2049, 2049]",321.0
1269,9900,43,3,2025-09-20T12:04:13.193000+00:00,46.356,50.153,30.745,175.0,198.0,False,127.254,"[2048, 2048, 2048, 2048, 2048, 2048, 2048, 2048]","[2048, 2048, 2048, 2048, 2048, 2048, 2048, 2048, 2048, 2048]","[2048, 2048, 2048, 2048, 2048, 2048, 2064, 2064]",307.0
1269,9900,63,2,2025-09-20T12:04:16.082000+00:00,36.291,41.459,24.921,232.0,220.0,False,102.671,"[2049, 2049, 2049, 2049, 2049, 2049, 2049, 2051]","[2049, 2049, 2049, 2049, 2049, 2051, 2049, 2049, 2049, 2049]","[2049, 2049, 2049, 2051, 2051, 2049, 2049, 2048]",321.0
1269,9900,55,3,2025-09-20T12:04:23.165000+00:00,60.224,54.464,,157.0,108.0,False,,"[2048, 2048, 2048, 2048, 2048, 2048, 2048, 2048]","[2048, 2048, 2048, 2048, 2048, 2048, 2048, 2048, 2048, 2048]",[2048],
1269,9900,6,3,2025-09-20T12:04:29.913000+00:00,57.34,,,158.0,,False,,"[2048, 2048, 2048, 2048, 2048, 2048, 2048, 2048]","[2048, 2048, 2048, 2048, 2048, 2048, 2048, 2048, 2048, 2048]",[2048],
1269,9900,12,2,2025-09-20T12:04:33.826000+00:00,47.914,59.344,,130.0,61.0,False,,"[2049, 2049, 2049, 2049, 2048, 2048, 2048, 2048]","[2048, 2049, 2049, 2048, 2048, 2049, 2048, 2048, 2048, 2048]",[2048],
1269,9900,10,3,2025-09-20T12:04:40.288000+00:00,44.887,57.533,,164.0,66.0,False,,"[2048, 2048, 2048, 2048, 2048, 2048, 2048, 2048]","[2048, 2048, 2048, 2048, 2048, 2048, 2048, 2048, 2048, 2048]",[2048],
1269,9900,1,2,2025-09-20T12:04:41.667000+00:00,36.024,41.012,25.174,223.0,242.0,False,102.21,"[2049, 2049, 2049, 2049, 2049, 2049, 2049, 2049]","[2051, 2051, 2049, 2049, 2051, 2049, 2049, 2049, 2049, 2049]","[2049, 2049, 2049, 2049, 2049, 2049, 2049, 2048]",321.0
1269,9900,30,3,2025-09-20T12:04:48.505000+00:00,49.578,,,147.0,,False,,"[2048, 2048, 2048, 2048, 2048, 2048, 2048, 2048]","[2048, 2048, 2048, 2048, 2048, 2048, 2048, 2048, 2048, 2048]",[2048],
1269,9900,14,3,2025-09-20T12:04:57.814000+00:00,47.186,,,150.0,,False,,"[2048, 2048, 2048, 2048, 2048, 2048, 2048, 2048]","[2048, 2048, 2048, 2048, 2048, 2048, 2048, 2048, 2048, 2048]",[2048],
1269,9900,81,2,2025-09-20T12:05:04.760000+00:00,35.993,41.341,,221.0,212.0,False,,"[2049, 2049, 2049, 2049, 2049, 2049, 2049, 2049]","[2049, 2049, 2049, 2051, 2049, 2049, 2049, 2049, 2049, 2049]",[2049],
1269,9900,18,3,2025-09-20T12:05:04.939000+00:00,43.73,,,147.0,,False,,"[2048, 2048, 2048, 2048, 2048, 2048, 2048, 2048]","[2048, 2048, 2048, 2048, 2048, 2048, 2048, 2048, 2048, 2048]",[2048],
1269,9900,22,3,2025-09-20T12:05:15.915000+00:00,55.466,,,140.0,,False,,"[2048, 2048, 2048, 2048, 2048, 2048, 2048, 2048]","[2048, 2048, 2048, 2048, 2048, 2048, 2048, 2048, 2048, 2048]",[2048],
1269,9900,16,3,2025-09-20T12:05:38.514000+00:00,,,,,,False,,"[2048, 2048, 2048, 2048, 2048, 2048, 2048, 2048]","[2048, 2048, 2048, 2048, 2048, 2048, 2048, 2048, 2048, 2048]",[2048],
1269,9900,44,3,2025-09-20T12:05:43.971000+00:00,,,,,,False,,"[2048, 2048, 2048, 2048, 2048, 2048, 2048, 2048]","[2048, 2048, 2048, 2048, 2048, 2048, 2048, 2048, 2048, 2048]",[2048],
1269,9900,4,3,2025-09-20T12:05:52.614000+00:00,,,,,,False,,"[2048, 2048, 2048, 2048, 2048, 2048, 2048, 2048]","[2048, 2048, 2048, 2048, 2048, 2048, 2048, 2048, 2048, 2048]",[2048],
1269,9900,23,4,2025-09-20T12:05:56.763000+00:00,57.203,,,,,False,,"[0, 0, 0, 0, 0, 0, 0, 0]",,,309.0
1269,9900,63,3,2025-09-20T12:05:58.825000+00:00,,,,,,False,,"[2048, 2048, 2048, 2048, 2048, 2048, 2048, 2048]","[2048, 2048, 2048, 2048, 2048, 2048, 2048, 2048, 2048, 2048]",[2048],
1269,9900,87,4,2025-09-20T12:06:14.817000+00:00,,,,,,False,,"[None, 2048, 2048, 2048, 2048, 2048, 2048, 2048]","[2048, 2048, 2048, 2048, 2048, 2048, 2048, 2048, 2048, 2048]",[2048],
1269,9900,31,4,2025-09-20T12:06:21.789000+00:00,,,,,,False,,"[None, 2048, 2048, 2048, 2048, 2048, 2048, 2048]","[2048, 2048, 2048, 2048, 2048, 2048, 2048, 2048, 2048, 2048]",[2048],
1269,9900,1,3,2025-09-20T12:06:23.864000+00:00,,,,,,False,,"[2048, 2048, 2048, 2048, 2048, 2048, 2048, 2048]","[2048, 2048, 2048, 2048, 2048, 2048, 2048, 2048, 2048, 2048]",[2048],
1269,9900,10,4,2025-09-20T12:15:06.045000+00:00,,47.663,26.957,185.0,185.0,True,743.17,"[2064, 2064, 2048, 2048, 2048, 2048, 2048, 2048]","[2048, 2048, 2048, 2048, 2048, 2048, 2048, 2048, 2048, 2048]","[2048, 2048, 2048, 2048, 2048, 2048, 2048, 2048]",297.0
1269,9900,14,4,2025-09-20T12:15:11.942000+00:00,,45.785,26.284,192.0,191.0,True,734.776,"[2064, 2064, 2048, 2048, 2048, 2048, 2048, 2048]","[2048, 2048, 2048, 2048, 2048, 2048, 2048, 2048, 2048, 2048]","[2048, 2048, 2048, 2048, 2048, 2048, 2048, 2048]",306.0
1269,9900,18,4,2025-09-20T12:15:23.306000+00:00,,46.609,27.854,174.0,197.0,True,739.894,"[2064, 2064, 2048, 2048, 2048, 2048, 2048, 2048]","[2048, 2048, 2048, 2048, 2048, 2048, 2048, 2048, 2048, 2048]","[2048, 2048, 2048, 2048, 2048, 2048, 2048, 2048]",303.0
1269,9900,63,4,2025-09-20T12:15:30.690000+00:00,,45.826,26.003,177.0,225.0,True,690.71,"[2064, 2064, 2048, 2048, 2048, 2048, 2048, 2048]","[2048, 2048, 2048, 2048, 2048, 2048, 2048, 2048, 2048, 2048]","[2048, 2048, 2048, 2048, 2048, 2048, 2048, 2048]",307.0
1269,9900,12,3,2025-09-20T12:15:37.229000+00:00,,47.511,26.029,179.0,210.0,True,785.662,"[2064, 2064, 2048, 2048, 2049, 2049, 2049, 2049]","[2049, 2049, 2049, 2049, 2049, 2049, 2049, 2049, 2049, 2049]","[2049, 2049, 2049, 2048, 2048, 2048, 2048, 2048]",302.0
1269,9900,22,4,2025-09-20T12:15:49.025000+00:00,,47.598,26.34,168.0,176.0,True,750.474,"[2064, 2064, 2048, 2048, 2048, 2048, 2048, 2048]","[2048, 2048, 2048, 2048, 2048, 2048, 2048, 2048, 2048, 2048]","[2048, 2048, 2048, 2048, 2048, 2048, 2048, 2048]",299.0
1269,9900,16,4,2025-09-20T12:15:57.306000+00:00,,47.165,26.359,186.0,195.0,True,735.625,"[2064, 2064, 2048, 2048, 2048, 2048, 2048, 2048]","[2048, 2048, 2048, 2048, 2048, 2048, 2048, 2048, 2048, 2048]","[2048, 2048, 2048, 2048, 2048, 2048, 2048, 2048]",301.0
1269,9900,44,4,2025-09-20T12:16:03.587000+00:00,,46.004,26.467,177.0,182.0,True,736.373,"[2064, 2064, 2048, 2048, 2048, 2048, 2048, 2048]","[2048, 2048, 2048, 2048, 2048, 2048, 2048, 2048, 2048, 2048]","[2048, 2048, 2048, 2048, 2048, 2048, 2048, 2048]",301.0
1269,9900,43,4,2025-09-20T12:16:09.665000+00:00,,47.053,26.495,184.0,177.0,True,704.557,"[2064, 2064, 2048, 2048, 2048, 2048, 2048, 2048]","[2048, 2048, 2048, 2048, 2048, 2048, 2048, 2048, 2048, 2048]","[2048, 2048, 2048, 2048, 2048, 2048, 2048, 2048]",302.0
1269,9900,81,3,2025-09-20T12:16:17.490000+00:00,,46.546,26.277,176.0,199.0,True,789.245,"[2064, 2064, 2048, 2048, 2048, 2048, 2048, 2048]","[2048, 2048, 2048, 2048, 2048, 2048, 2048, 2048, 2048, 2048]","[2048, 2048, 2049, 2049, 2049, 2048, 2048, 2048]",304.0
1269,9900,4,4,2025-09-20T12:16:30.197000+00:00,,44.252,26.21,192.0,214.0,True,751.756,"[2064, 2064, 2048, 2048, 2048, 2048, 2048, 2048]","[2048, 2048, 2048, 2048, 2048, 2048, 2048, 2048, 2048, 2048]","[2048, 2048, 2048, 2048, 2048, 2048, 2048, 2048]",304.0
1269,9900,1,4,2025-09-20T12:16:40.218000+00:00,,46.272,25.935,211.0,218.0,True,732.841,"[2064, 2064, 2048, 2048, 2048, 2048, 2048, 2048]","[2048, 2048, 2048, 2048, 2048, 2048, 2048, 2048, 2048, 2048]","[2049, 2048, 2048, 2048, 2048, 2048, 2048, 2048]",305.0
1269,9900,55,4,2025-09-20T12:16:44.928000+00:00,,46.588,26.538,184.0,195.0,True,871.766,"[2064, 2064, 2048, 2048, 2048, 2048, 2048, 2048]","[2048, 2048, 2048, 2048, 2048, 2048, 2048, 2048, 2048, 2048]","[2048, 2048, 2048, 2048, 2048, 2048, 2048, 2048]",297.0
1269,9900,6,4,2025-09-20T12:16:49.897000+00:00,,49.166,26.504,203.0,212.0,True,870.982,"[2064, 2064, 2048, 2048, 2048, 2048, 2048, 2048]","[2048, 2048, 2048, 2048, 2048, 2048, 2048, 2048, 2048, 2048]","[2048, 2048, 2048, 2048, 2048, 2048, 2048, 2049]",302.0
1269,9900,10,5,2025-09-20T12:17:03.290000+00:00,36.126,41.775,25.238,218.0,222.0,False,103.139,"[2049, 2049, 2049, 2048, 2049, 2049, 2049, 2049]","[2048, 2048, 2048, 2049, 2048, 2049, 2048, 2049, 2049, 2048]","[2048, 2048, 2048, 2049, 2048, 2048, 2048]",319.0
1269,9900,27,4,2025-09-20T12:17:05.407000+00:00,,52.707,26.691,185.0,190.0,True,800.764,"[2064, 2064, 2048, 2048, 2048, 2048, 2048, 2048]","[2048, 2048, 2048, 2048, 2048, 2048, 2048, 2048, 2048, 2048]","[2048, 2048, 2048, 2048, 2048, 2048, 2048, 2048]",302.0
1269,9900,5,4,2025-09-20T12:17:12.044000+00:00,,53.236,27.035,162.0,144.0,True,771.204,"[2064, 2064, 2048, 2048, 2048, 2048, 2048, 2048]","[2048, 2048, 2048, 2048, 2048, 2048, 2048, 2048, 2048, 2048]","[2048, 2048, 2048, 2048, 2048, 2048, 2048, 2048]",302.0
1269,9900,14,5,2025-09-20T12:17:12.698000+00:00,39.08,48.775,26.648,183.0,185.0,False,114.503,"[2048, 2048, 2048, 2048, 2048, 2048, 2048, 2048]","[2048, 2048, 2048, 2048, 2048, 2048, 2048, 2048, 2048, 2048]","[2048, 2048, 2048, 2048, 2048, 2048, 2048, 2048]",307.0
1269,9900,30,4,2025-09-20T12:17:19.490000+00:00,,57.034,28.675,161.0,87.0,True,888.862,"[2064, 2064, 2048, 2048, 2048, 2048, 2048, 2048]","[2048, 2048, 2048, 2048, 2048, 2048, 2048, 2048, 2048, 2048]","[2048, 2048, 2048, 2048, 2048, 2048, 2049, 2051]",309.0
1269,9900,18,5,2025-09-20T12:17:24.889000+00:00,40.777,53.345,26.679,179.0,164.0,False,120.801,"[2048, 2048, 2048, 2048, 2048, 2048, 2048, 2048]","[2048, 2048, 2048, 2048, 2048, 2048, 2048, 2048, 2048, 2048]","[2048, 2048, 2048, 2048, 2048, 2048, 2048, 2048]",308.0
1269,9900,63,5,2025-09-20T12:17:29.590000+00:00,40.579,54.768,27.995,172.0,120.0,False,123.342,"[2048, 2049, 2048, 2048, 2048, 2048, 2048, 2048]","[2048, 2048, 2048, 2048, 2048, 2048, 2048, 2048, 2048, 2048]","[2048, 2048, 2048, 2048, 2048, 2048, 2048, 2048]",307.0
1269,9900,12,4,2025-09-20T12:17:39.544000+00:00,35.814,41.458,25.768,227.0,233.0,False,103.04,"[2048, 2049, 2051, 2049, 2049, 2049, 2049, 2049]","[2049, 2049, 2049, 2049, 2049, 2049, 2049, 2049, 2049, 2049]","[2048, 2048, 2049, 2049, 2049, 2049, 2049]",320.0
1269,9900,22,5,2025-09-20T12:17:46.318000+00:00,36.006,41.36,24.981,221.0,219.0,False,102.347,"[2049, 2049, 2049, 2049, 2049, 2048, 2049, 2049]","[2048, 2048, 2049, 2048, 2048, 2049, 2049, 2049, 2049, 2048]","[2048, 2048, 2049, 2049, 2049, 2049, 2049, 2049]",321.0
1269,9900,16,5,2025-09-20T12:17:54.019000+00:00,35.517,41.558,25.301,232.0,223.0,False,102.376,"[2049, 2048, 2049, 2049, 2048, 2049, 2051, 2049]","[2048, 2048, 2049, 2049, 2048, 2048, 2048, 2048, 2048, 2048]","[2048, 2048, 2049, 2049, 2049, 2049, 2048, 2048]",319.0
1269,9900,44,5,2025-09-20T12:18:00.417000+00:00,35.572,41.265,24.984,233.0,230.0,False,101.821,"[2048, 2049, 2049, 2048, 2048, 2049, 2049, 2051]","[2049, 2048, 2049, 2049, 2048, 2048, 2048, 2048, 2049, 2049]","[2048, 2048, 2051, 2049, 2049, 2049, 2049, 2048]",320.0
1269,9900,43,5,2025-09-20T12:18:04.665000+00:00,35.907,41.759,25.113,216.0,220.0,False,102.779,"[2048, 2049, 2049, 2049, 2048, 2049, 2049, 2049]","[2049, 2049, 2049, 2049, 2048, 2048, 2048, 2049, 2049, 2048]","[2048, 2048, 2049, 2049, 2049, 2049, 2048, 2048]",323.0
1269,9900,81,4,2025-09-20T12:18:13.973000+00:00,35.689,41.016,25.134,216.0,216.0,False,101.839,"[2049, 2049, 2049, 2048, 2049, 2049, 2048, 2048]","[2049, 2049, 2049, 2051, 2049, 2049, 2048, 2048, 2049, 2049]","[2048, 2049, 2049, 2049, 2049, 2049, 2049, 2049]",319.0
1269,9900,4,5,2025-09-20T12:18:24.486000+00:00,35.986,40.941,,220.0,234.0,False,,"[2048, 2049, 2049, 2049, 2048, 2051, 2048, 2048]","[2049, 2049, 2048, 2049, 2049, 2051, 2048, 2049, 2051, 2049]",[2048],
1269,9900,1,5,2025-09-20T12:18:36.797000+00:00,35.731,40.818,,226.0,230.0,False,,"[2049, 2049, 2048, 2048, 2048, 2049, 2049, 2049]","[2051, 2048, 2049, 2049, 2048, 2049, 2049, 2051, 2051, 2048]",[2049],
1269,9900,87,5,2025-09-20T12:18:44.617000+00:00,,,,172.0,,True,,"[2064, 2064, 2048, 2048, 2048, 2048, 2048, 2048]","[2048, 2048, 2048, 2048, 2048, 2048, 2048, 2048, 2048, 2048]",[2048],
1269,9900,10,6,2025-09-20T12:18:46.417000+00:00,45.304,,,110.0,,False,,"[2048, 2048, 2048, 2048, 2048, 2048, 2048, 2048]","[2048, 2048, 2048, 2048, 2048, 2048, 2048, 2048, 2048, 2048]",[2048],
1269,9900,31,5,2025-09-20T12:18:47.326000+00:00,,,,86.0,,True,,"[2064, 2064, 2048, 2048, 2048, 2048, 2048, 2048]","[0, 0, 0, 0, 0, 0, 0, 0, 0, 0]","[0, 0, 0, 0, 0, 0, 0, 0]",
1269,9900,55,5,2025-09-20T12:18:55.002000+00:00,36.193,,,218.0,,False,,"[2049, 2048, 2049, 2049, 2049, 2049, 2049, 2049]","[2048, 2049, 2048, 2049, 2049, 2049, 2048, 2048, 2048, 2048]",[2048],
1269,9900,6,5,2025-09-20T12:19:00.925000+00:00,35.912,,,223.0,,False,,"[2049, 2049, 2049, 2049, 2049, 2049, 2048, 2048]","[2049, 2049, 2048, 2049, 2048, 2048, 2048, 2048, 2048, 2048]",[2048],
1269,9900,14,6,2025-09-20T12:19:07.225000+00:00,36.527,,,180.0,,False,,"[2049, 2048, 2049, 2049, 2048, 2049, 2048, 2048]","[2048, 2048, 2048, 2048, 2048, 2048, 2048, 2048, 2048, 2048]",[2048],
1269,9900,27,5,2025-09-20T12:19:12.774000+00:00,,,,,,False,,"[2049, 2049, 2049, 2048, 2048, 2049, 2048, 2048]","[2048, 2048, 2048, 2048, 2048, 2048, 2048, 2048, 2048, 2048]",[2048],
1269,9900,5,5,2025-09-20T12:19:17.583000+00:00,36.135,,,213.0,,False,,"[2048, 2051, 2049, 2049, 2049, 2049, 2048, 2048]","[2049, 2048, 2048, 2048, 2048, 2048, 2048, 2048, 2048, 2048]",[2048],
1269,9900,12,5,2025-09-20T12:19:22.497000+00:00,,,,,,False,,"[None, 0, 0, 0, 0, 0, 0, 0]","[0, 0, 0, 0, 0, 0, 0, 0, 0, 0]","[0, 0, 0, 0, 0, 0, 0, 0]",
1269,9900,18,6,2025-09-20T12:19:25.718000+00:00,,,,,,False,,"[2049, 2048, 2049, 2049, 2049, 2048, 2048, 2048]","[2048, 2048, 2048, 2048, 2048, 2048, 2048, 2048, 2048, 2048]",[2048],
1269,9900,22,6,2025-09-20T12:19:28.684000+00:00,,,,,,False,,"[2048, 2048, 2048, 2048, 2048, 2048, 2048, 2048]","[2048, 2048, 2048, 2048, 2048, 2048, 2048, 2048, 2048, 2048]",[2048],
1269,9900,63,6,2025-09-20T12:19:32.957000+00:00,,,,,,False,,"[2049, 2049, 2049, 2049, 2048, 2048, 2048, 2048]","[2048, 2048, 2048, 2048, 2048, 2048, 2048, 2048, 2048, 2048]",[2048],
1269,9900,16,6,2025-09-20T12:19:36.442000+00:00,,,,,,False,,"[2048, 2048, 2048, 2048, 2048, 2048, 2048, 2048]","[2048, 2048, 2048, 2048, 2048, 2048, 2048, 2048, 2048, 2048]",[2048],
1269,9900,30,5,2025-09-20T12:19:37.157000+00:00,,,,,,False,,"[2049, 2049, 2049, 2048, 2048, 2048, 2048, 2048]","[2048, 2048, 2048, 2048, 2048, 2048, 2048, 2048, 2048, 2048]",[2048],
1269,9900,44,6,2025-09-20T12:19:42.258000+00:00,,,,,,False,,"[None, 2048, 2048, 2048, 2048, 2048, 2048, 2048]","[2048, 2048, 2048, 2048, 2048, 2048, 2048, 2048, 2048, 2048]",[2048],
1269,9900,43,6,2025-09-20T12:19:47.666000+00:00,,,,,,False,,"[None, 2048, 2048, 2048, 2048, 2048, 2048, 2048]","[2048, 2048, 2048, 2048, 2048, 2048, 2048, 2048, 2048, 2048]",[2048],
1269,9900,81,5,2025-09-20T12:19:55.891000+00:00,,,,,,False,,"[2048, 2048, 2048, 2048, 2048, 2048, 2048, 2048]","[2048, 2048, 2048, 2048, 2048, 2048, 2048, 2048, 2048, 2048]",[2048],
1269,9900,55,6,2025-09-20T12:28:04.801000+00:00,,47.172,26.611,190.0,195.0,True,662.037,"[2064, 2064, 2048, 2048, 2048, 2048, 2048, 2048]","[2048, 2048, 2048, 2048, 2048, 2048, 2048, 2048, 2048, 2048]","[2048, 2048, 2048, 2048, 2048, 2048, 2048, 2048]",298.0
1269,9900,87,6,2025-09-20T12:28:09.245000+00:00,,45.513,27.38,171.0,144.0,True,1425.867,"[None, 2064, 2048, 2048, 2048, 2048, 2048, 2048]","[2048, 2048, 2048, 2048, 2048, 2048, 2048, 2048, 2048, 2048]","[2048, 2048, 2048, 2048, 2048, 2048, 2048, 2048]",292.0
1269,9900,31,6,2025-09-20T12:28:13.648000+00:00,,45.468,27.003,168.0,194.0,True,1425.19,"[None, 2064, 2048, 2048, 2048, 2048, 2048, 2048]","[2048, 2048, 2048, 2048, 2048, 2048, 2048, 2048, 2048, 2048]","[2048, 2048, 2048, 2048, 2048, 2048, 2048, 2048]",293.0
1269,9900,30,6,2025-09-20T12:28:18.846000+00:00,,47.185,28.469,181.0,204.0,True,639.554,"[2064, 2064, 2048, 2048, 2048, 2048, 2048, 2048]","[2048, 2048, 2048, 2048, 2048, 2048, 2048, 2048, 2048, 2048]","[2048, 2048, 2048, 2048, 2048, 2048, 2048, 2048]",290.0
1269,9900,6,6,2025-09-20T12:28:23.973000+00:00,,47.393,28.253,197.0,194.0,True,681.159,"[2064, 2064, 2048, 2048, 2048, 2048, 2048, 2048]","[2048, 2048, 2048, 2048, 2048, 2048, 2048, 2048, 2048, 2048]","[2048, 2048, 2048, 2048, 2048, 2048, 2048, 2048]",288.0
1269,9900,5,6,2025-09-20T12:28:28.942000+00:00,,47.577,27.407,169.0,189.0,True,669.863,"[2064, 2064, 2048, 2048, 2048, 2048, 2048, 2048]","[2048, 2048, 2048, 2048, 2048, 2048, 2048, 2048, 2048, 2048]","[2048, 2048, 2048, 2048, 2048, 2048, 2048, 2048]",291.0
1269,9900,18,7,2025-09-20T12:28:35.414000+00:00,,46.624,26.811,169.0,183.0,True,669.751,"[2064, 2064, 2048, 2048, 2048, 2048, 2048, 2048]","[2048, 2048, 2048, 2048, 2048, 2048, 2048, 2048, 2048, 2048]","[2048, 2048, 2048, 2048, 2048, 2048, 2048, 2048]",294.0
1269,9900,14,7,2025-09-20T12:28:43.644000+00:00,,45.717,25.949,188.0,204.0,True,693.739,"[2064, 2064, 2048, 2048, 2048, 2048, 2048, 2048]","[2048, 2048, 2048, 2048, 2048, 2048, 2048, 2048, 2048, 2048]","[2048, 2048, 2048, 2048, 2048, 2048, 2048, 2048]",313.0
1269,9900,63,7,2025-09-20T12:28:53.070000+00:00,,45.93,26.044,185.0,209.0,True,675.7,"[2064, 2064, 2048, 2048, 2048, 2048, 2048, 2048]","[2048, 2048, 2048, 2048, 2048, 2048, 2048, 2048, 2048, 2048]","[2048, 2048, 2048, 2048, 2048, 2048, 2048, 2048]",305.0
1269,9900,12,6,2025-09-20T12:28:59.028000+00:00,,46.997,26.104,173.0,206.0,True,693.912,"[2064, 2064, 2048, 2048, 2048, 2048, 2048, 2048]","[2048, 2048, 2048, 2048, 2048, 2048, 2048, 2048, 2048, 2048]","[2048, 2049, 2048, 2048, 2048, 2048, 2048, 2048]",302.0
1269,9900,16,7,2025-09-20T12:29:08.506000+00:00,,45.774,26.335,191.0,196.0,True,688.693,"[2064, 2064, 2048, 2048, 2048, 2048, 2048, 2048]","[2048, 2048, 2048, 2048, 2048, 2048, 2048, 2048, 2048, 2048]","[2048, 2048, 2048, 2048, 2048, 2048, 2048, 2048]",302.0
1269,9900,4,6,2025-09-20T12:29:20.002000+00:00,,45.063,25.96,198.0,205.0,True,772.658,"[2064, 2064, 2048, 2048, 2048, 2048, 2048, 2048]","[2048, 2048, 2048, 2048, 2048, 2048, 2048, 2048, 2048, 2048]","[2048, 2048, 2048, 2048, 2048, 2048, 2048, 2048]",307.0
1269,9900,1,6,2025-09-20T12:29:32.306000+00:00,,45.299,25.892,196.0,212.0,True,770.639,"[2064, 2064, 2048, 2048, 2048, 2048, 2048, 2048]","[2048, 2048, 2048, 2048, 2048, 2048, 2048, 2048, 2048, 2048]","[2048, 2048, 2048, 2048, 2048, 2048, 2048, 2048]",306.0
1269,9900,44,7,2025-09-20T12:29:39.602000+00:00,,50.103,26.244,171.0,180.0,True,718.897,"[2064, 2064, 2048, 2048, 2048, 2048, 2048, 2048]","[2048, 2048, 2048, 2048, 2048, 2048, 2048, 2048, 2048, 2048]","[2048, 2048, 2048, 2048, 2048, 2048, 2048, 2049]",306.0
1269,9900,22,7,2025-09-20T12:29:47.909000+00:00,,54.836,26.142,168.0,180.0,True,748.788,"[2064, 2064, 2048, 2048, 2048, 2048, 2048, 2048]","[2048, 2048, 2048, 2048, 2048, 2048, 2048, 2048, 2048, 2048]","[2048, 2048, 2048, 2048, 2048, 2048, 2048, 2048]",307.0
1269,9900,55,7,2025-09-20T12:29:57.037000+00:00,36.023,41.337,25.278,224.0,214.0,False,102.638,"[2048, 2048, 2048, 2048, 2049, 2049, 2049, 2049]","[2048, 2048, 2049, 2049, 2048, 2049, 2049, 2049, 2049, 2048]","[2048, 2048, 2049, 2049, 2048, 2048, 2048, 2049]",319.0
1269,9900,81,6,2025-09-20T12:29:57.374000+00:00,,56.623,26.318,169.0,173.0,True,736.28,"[2064, 2064, 2048, 2048, 2048, 2048, 2048, 2048]","[2048, 2048, 2048, 2048, 2048, 2048, 2048, 2048, 2048, 2048]","[2048, 2048, 2048, 2048, 2048, 2048, 2048, 2048]",306.0
1269,9900,87,7,2025-09-20T12:30:00.722000+00:00,40.333,44.614,26.307,180.0,197.0,False,111.254,"[2048, 2048, 2048, 2048, 2048, 2048, 2048, 2048]","[2048, 2048, 2048, 2048, 2048, 2048, 2048, 2048, 2048, 2048]","[2048, 2048, 2048, 2048, 2048, 2048, 2048, 2048]",304.0
1269,9900,27,6,2025-09-20T12:30:05.670000+00:00,,56.537,27.6,166.0,146.0,True,784.081,"[2064, 2064, 2048, 2048, 2048, 2048, 2048, 2048]","[2048, 2048, 2048, 2048, 2048, 2048, 2048, 2048, 2048, 2048]","[2048, 2048, 2048, 2048, 2048, 2048, 2048, 2048]",304.0
1269,9900,31,7,2025-09-20T12:30:06.890000+00:00,39.648,49.242,26.214,174.0,118.0,False,115.104,"[2048, 2048, 2048, 2048, 2048, 2048, 2048, 2048]","[2048, 2048, 2048, 2048, 2048, 2048, 2048, 2048, 2048, 2048]","[2048, 2048, 2048, 2048, 2048, 2048, 2048, 2048]",304.0
1269,9900,30,7,2025-09-20T12:30:16.760000+00:00,44.599,53.161,26.439,173.0,103.0,False,124.199,"[2048, 2048, 2048, 2048, 2048, 2048, 2048, 2048]","[2048, 2048, 2048, 2048, 2048, 2048, 2048, 2048, 2048, 2048]","[2048, 2048, 2048, 2048, 2048, 2048, 2048, 2048]",308.0
1269,9900,6,7,2025-09-20T12:30:22.022000+00:00,43.781,54.636,26.402,178.0,208.0,False,124.819,"[2048, 2048, 2048, 2048, 2048, 2048, 2048, 2048]","[2048, 2048, 2048, 2048, 2048, 2048, 2048, 2048, 2048, 2048]","[2048, 2048, 2048, 2048, 2048, 2048, 2048, 2049]",304.0
1269,9900,5,7,2025-09-20T12:30:27.443000+00:00,42.25,56.835,26.492,172.0,157.0,False,125.577,"[2048, 2048, 2048, 2048, 2048, 2048, 2048, 2048]","[2048, 2048, 2048, 2048, 2048, 2048, 2048, 2048, 2048, 2048]","[2048, 2048, 2048, 2048, 2048, 2048, 2048, 2049]",306.0
1269,9900,18,8,2025-09-20T12:30:35.359000+00:00,39.909,56.706,29.67,184.0,94.0,False,126.285,"[2048, 2048, 2048, 2048, 2048, 2048, 2048, 2048]","[2048, 2048, 2048, 2048, 2048, 2048, 2048, 2048, 2048, 2048]","[2048, 2048, 2048, 2048, 2048, 2048, 2048, 2048]",310.0
1269,9900,14,8,2025-09-20T12:30:40.967000+00:00,39.412,62.031,27.108,187.0,133.0,False,128.551,"[2048, 2048, 2048, 2048, 2048, 2048, 2048, 2048]","[2048, 2048, 2048, 2048, 2048, 2048, 2048, 2048, 2048, 2048]","[2048, 2048, 2048, 2048, 2048, 2048, 2048, 2049]",311.0
1269,9900,63,8,2025-09-20T12:30:48.629000+00:00,35.849,41.051,24.746,221.0,228.0,False,101.646,"[2048, 2049, 2048, 2048, 2049, 2049, 2048, 2048]","[2049, 2049, 2049, 2049, 2049, 2048, 2048, 2048, 2049, 2049]","[2049, 2051, 2049, 2049, 2048, 2048, 2049, 2049]",322.0
1269,9900,12,7,2025-09-20T12:30:56.449000+00:00,36.006,41.281,24.96,223.0,222.0,False,102.247,"[2048, 2049, 2048, 2048, 2048, 2048, 2049, 2048]","[2049, 2048, 2049, 2048, 2048, 2049, 2049, 2048, 2048, 2049]","[2049, 2049, 2049, 2051, 2049, 2049, 2049]",322.0
1269,9900,16,8,2025-09-20T12:31:05.116000+00:00,35.5,40.842,25.116,224.0,228.0,False,101.458,"[2048, 2051, 2048, 2048, 2048, 2048, 2048, 2048]","[2049, 2048, 2051, 2048, 2049, 2049, 2049, 2051, 2048, 2049]","[2048, 2048, 2048, 2049, 2049, 2049, 2049, 2049]",322.0
1269,9900,4,7,2025-09-20T12:31:17.152000+00:00,35.478,40.982,24.862,219.0,215.0,False,101.322,"[2049, 2048, 2049, 2051, 2049, 2048, 2049, 2049]","[2048, 2051, 2048, 2049, 2048, 2048, 2048, 2049, 2048, 2049]","[2048, 2051, 2049, 2049, 2049, 2049, 2048, 2049]",321.0
1269,9900,1,7,2025-09-20T12:31:27.423000+00:00,35.416,40.978,24.937,222.0,225.0,False,101.331,"[2048, 2049, 2049, 2049, 2051, 2051, 2051, 2049]","[2048, 2048, 2049, 2049, 2048, 2048, 2048, 2048, 2048, 2048]","[2049, 2049, 2049, 2048, 2048, 2048, 2048, 2048]",322.0
1269,9900,55,8,2025-09-20T12:31:39.772000+00:00,78.067,62.17,27.24,123.0,124.0,False,167.477,"[None, 2048, 2048, 2048, 2048, 2048, 2048, 2048]","[2048, 2048, 2048, 2048, 2048, 2048, 2048, 2048, 2048, 2048]","[2048, 2048, 2048, 2048, 2048, 2048, 2048, 2049]",307.0
1269,9900,44,8,2025-09-20T12:31:41.104000+00:00,47.212,61.299,26.708,87.0,76.0,False,135.219,"[2048, 2048, 2048, 2048, 2048, 2048, 2048, 2048]","[2048, 2048, 2048, 2048, 2048, 2048, 2048, 2048, 2048, 2048]","[2048, 2048, 2048, 2048, 2048, 2048, 2048, 2048]",303.0
1269,9900,10,7,2025-09-20T12:31:41.594000+00:00,,48.071,26.234,188.0,182.0,True,889.941,"[2064, 2064, 2048, 2048, 2048, 2048, 2048, 2048]","[2048, 2048, 2048, 2048, 2048, 2048, 2048, 2048, 2048, 2048]","[2048, 2048, 2048, 2048, 2048, 2048, 2049, 2049]",304.0
1269,9900,43,7,2025-09-20T12:31:45.354000+00:00,,47.586,26.269,170.0,198.0,True,836.08,"[2064, 2064, 2048, 2048, 2048, 2048, 2048, 2048]","[2048, 2048, 2048, 2048, 2048, 2048, 2048, 2048, 2048, 2048]","[2048, 2048, 2048, 2048, 2048, 2048, 2048, 2048]",302.0
1269,9900,87,8,2025-09-20T12:31:52.038000+00:00,36.506,41.225,24.935,216.0,234.0,False,102.666,"[2049, 2049, 2049, 2048, 2048, 2049, 2048, 2048]","[2049, 2049, 2048, 2049, 2049, 2048, 2049, 2049, 2049, 2048]","[2049, 2049, 2048, 2048, 2048, 2048, 2048, 2048]",319.0
1269,9900,22,8,2025-09-20T12:31:57.548000+00:00,36.3,50.187,26.067,214.0,176.0,False,112.554,"[2048, 2048, 2049, 2048, 2049, 2049, 2048, 2048]","[2048, 2048, 2048, 2048, 2048, 2048, 2048, 2048, 2048, 2048]","[2048, 2048, 2048, 2048, 2048, 2048, 2048, 2048]",307.0
1269,9900,31,8,2025-09-20T12:32:02.043000+00:00,36.311,41.681,25.012,212.0,222.0,False,103.004,"[2049, 2049, 2049, 2049, 2049, 2049, 2048, 2049]","[2048, 2049, 2048, 2049, 2049, 2048, 2048, 2048, 2048, 2049]","[2048, 2048, 2049, 2049, 2049, 2049, 2049, 2049]",319.0
1269,9900,81,7,2025-09-20T12:32:12.122000+00:00,35.795,47.953,38.611,212.0,153.0,False,122.359,"[2048, 2049, 2048, 2048, 2049, 2048, 2048, 2048]","[2048, 2048, 2048, 2048, 2048, 2051, 2048, 2048, 2048, 2048]","[2048, 2048, 2048, 2048, 2048, 2048, 2064, 2064]",264.0
1269,9900,27,7,2025-09-20T12:32:16.702000+00:00,36.348,41.592,24.976,214.0,222.0,False,102.916,"[2048, 2048, 2048, 2048, 2049, 2049, 2048, 2048]","[2049, 2048, 2049, 2048, 2049, 2049, 2049, 2048, 2049, 2049]","[2049, 2049, 2049, 2049, 2049, 2049, 2049, 2049]",320.0
1269,9900,30,8,2025-09-20T12:32:20.911000+00:00,36.057,41.364,24.836,209.0,210.0,False,102.257,"[None, 2048, 2049, 2049, 2049, 2049, 2048, 2048]","[2049, 2048, 2048, 2049, 2049, 2049, 2049, 2048, 2048, 2048]","[2048, 2049, 2049, 2049, 2049, 2049, 2048, 2048]",319.0
1269,9900,6,8,2025-09-20T12:32:26.911000+00:00,35.73,40.984,24.942,225.0,227.0,False,101.656,"[None, 2049, 2048, 2049, 2049, 2049, 2049, 2049]","[2049, 2049, 2051, 2049, 2049, 2049, 2049, 2049, 2049, 2049]","[2049, 2049, 2049, 2049, 2049, 2049, 2049, 2049]",317.0
1269,9900,63,9,2025-09-20T12:32:30.289000+00:00,48.314,53.364,,143.0,178.0,False,,"[None, 2048, 2048, 2048, 2048, 2048, 2048, 2048]","[2048, 2048, 2048, 2048, 2048, 2048, 2048, 2048, 2048, 2048]","[2048, 2048, 2048, 2048, 2048]",258.0
1269,9900,5,8,2025-09-20T12:32:33.042000+00:00,36.029,41.213,25.269,219.0,220.0,False,102.511,"[None, 2048, 2048, 2049, 2048, 2048, 2049, 2049]","[2049, 2049, 2049, 2049, 2049, 2049, 2048, 2048, 2049, 2048]","[2048, 2048, 2049, 2049, 2049, 2049, 2049]",319.0
1269,9900,12,8,2025-09-20T12:32:38.644000+00:00,53.812,50.703,,158.0,186.0,False,,"[0, 0, 0, 0, 0, 0, 0, 0]","[0, 0, 0, 0, 0, 0, 0, 0, 0, 0]","[0, 0, 0, 0, 0, 0, 0, 0]",322.0
1269,9900,18,9,2025-09-20T12:32:41.702000+00:00,35.944,41.106,25.051,215.0,225.0,False,102.101,"[2049, 2048, 2049, 2049, 2049, 2049, 2049, 2049]","[2049, 2049, 2049, 2049, 2049, 2049, 2049, 2049, 2049, 2051]","[2049, 2048, 2048, 2048, 2048, 2048, 2048, 2048]",320.0
1269,9900,16,9,2025-09-20T12:32:46.606000+00:00,48.434,50.09,,184.0,174.0,False,,"[0, 0, 0, 0, 0, 0, 0, 0]","[0, 0, 0, 0, 0, 0, 0, 0, 0, 0]","[0, 0, 0, 0, 0, 0, 0, 0]",322.0
1269,9900,14,9,2025-09-20T12:32:49.457000+00:00,35.902,41.461,24.848,222.0,219.0,False,102.211,"[2049, 2048, 2049, 2048, 2048, 2048, 2049, 2049]","[2048, 2049, 2049, 2049, 2048, 2049, 2049, 2049, 2049, 2049]","[2049, 2049, 2051, 2051, 2051, 2049, 2049, 2049]",324.0
1269,9900,4,8,2025-09-20T12:32:58.366000+00:00,44.152,49.512,,163.0,173.0,False,,"[0, 0, 0, 0, 0, 0, 0, 0]","[0, 0, 0, 0, 0, 0, 0, 0, 0, 0]","[0, 0, 0, 0, 0, 0, 0, 0]",321.0
1269,9900,1,8,2025-09-20T12:33:08.836000+00:00,45.696,,,158.0,,False,,"[0, 0, 0, 0, 0, 0, 0, 0]","[0, 0, 0, 0, 0, 0, 0, 0, 0, 0]","[0, 0, 0, 0, 0, 0, 0, 0]",322.0
1269,9900,87,9,2025-09-20T12:33:34.663000+00:00,56.816,,,125.0,,False,,"[0, 0, 0, 0, 0, 0, 0, 0]","[0, 0, 0, 0, 0, 0, 0, 0, 0, 0]","[0, 0, 0, 0, 0, 0, 0, 0]",319.0
1269,9900,10,8,2025-09-20T12:33:36.501000+00:00,,,,,,False,,"[2049, 2049, 2049, 2049, 2049, 2049, 2048, 2048]","[2048, 2048, 2048, 2048, 2048, 2048, 2048, 2048, 2048, 2048]",[2048],
1269,9900,43,8,2025-09-20T12:33:43.457000+00:00,,,,,,False,,"[0, 0, 0, 0, 0, 0, 0, 0]",,,302.0
1269,9900,31,9,2025-09-20T12:33:44.962000+00:00,51.086,,,118.0,,False,,"[0, 0, 0, 0, 0, 0, 0, 0]","[0, 0, 0, 0, 0, 0, 0, 0, 0, 0]","[0, 0, 0, 0, 0, 0, 0, 0]",319.0
1269,9900,22,9,2025-09-20T12:33:50.045000+00:00,42.685,,,106.0,,False,,"[0, 0, 0, 0, 0, 0, 0, 0]","[0, 0, 0, 0, 0, 0, 0, 0, 0, 0]","[0, 0, 0, 0, 0, 0, 0, 0]",307.0
1269,9900,44,9,2025-09-20T12:33:56.359000+00:00,,,,,,False,,"[None, 2048, 2049, 2051, 2048, 2048, 2048, 2048]","[2048, 2048, 2048, 2048, 2048, 2048, 2048, 2048, 2048, 2048]",[2048],
1269,9900,27,8,2025-09-20T12:33:59.686000+00:00,,,,,,False,,"[None, 2048, 2048, 2048, 2048, 2048, 2048, 2048]","[2048, 2048, 2048, 2048, 2048, 2048, 2048, 2048, 2048, 2048]",[2048],
1269,9900,30,9,2025-09-20T12:34:03.261000+00:00,,,,,,False,,"[None, 2049, 2048, 2048, 2048, 2048, 2048, 2048]","[2048, 2048, 2048, 2048, 2048, 2048, 2048, 2048, 2048, 2048]",[2048],
1269,9900,6,9,2025-09-20T12:34:08.439000+00:00,,,,,,False,,"[None, 2048, 2048, 2048, 2048, 2048, 2048, 2048]","[2048, 2048, 2048, 2048, 2048, 2048, 2048, 2048, 2048, 2048]",[2048],
1269,9900,5,9,2025-09-20T12:34:15.387000+00:00,,,,,,False,,"[None, 2048, 2048, 2048, 2048, 2048, 2048, 2048]","[2048, 2048, 2048, 2048, 2048, 2048, 2048, 2048, 2048, 2048]",[2048],
1269,9900,18,10,2025-09-20T12:34:23.804000+00:00,,,,,,False,,"[2048, 2048, 2048, 2048, 2048, 2048, 2048, 2048]","[2048, 2048, 2048, 2048, 2048, 2048, 2048, 2048, 2048, 2048]",[2048],
1269,9900,55,9,2025-09-20T12:34:27.211000+00:00,,,,,,False,,"[2049, 2048, 2049, 2048, 2048, 2048, 2048, 2048]","[2048, 2048, 2048, 2048, 2048, 2048, 2048, 2048, 2048, 2048]",[2048],
1269,9900,14,10,2025-09-20T12:34:31.724000+00:00,,,,,,False,,"[2048, 2048, 2048, 2048, 2048, 2048, 2048, 2048]","[2048, 2048, 2048, 2048, 2048, 2048, 2048, 2048, 2048, 2048]",[2048],
1269,9900,55,10,2025-09-20T12:48:02.631000+00:00,,47.764,26.752,185.0,190.0,True,930.717,"[2064, 2064, 2049, 2049, 2049, 2049, 2049, 2049]","[2051, 2049, 2049, 2049, 2049, 2049, 2049, 2051, 2049, 2049]","[2049, 2051, 2051, 2051, 2051, 2051, 2051, 2051]",300.0
1269,9900,87,10,2025-09-20T12:48:06.337000+00:00,,48.092,26.525,170.0,197.0,True,988.519,"[2064, 2064, 2049, 2049, 2049, 2049, 2049, 2049]","[2049, 2049, 2051, 2049, 2049, 2049, 2049, 2049, 2049, 2049]","[2051, 2049, 2049, 2049, 2049, 2051, 2051, 2051]",298.0
1269,9900,6,10,2025-09-20T12:48:10.216000+00:00,,48.575,26.589,165.0,203.0,True,998.384,"[2064, 2064, 2049, 2049, 2049, 2049, 2049, 2049]","[2049, 2049, 2049, 2049, 2049, 2049, 2049, 2049, 2049, 2049]","[2049, 2049, 2049, 2049, 2049, 2049, 2049, 2049]",302.0
1269,9900,30,10,2025-09-20T12:48:15.645000+00:00,,48.206,26.187,166.0,182.0,True,974.654,"[2064, 2064, 2049, 2049, 2049, 2049, 2049, 2049]","[2049, 2049, 2049, 2049, 2049, 2049, 2049, 2049, 2049, 2049]","[2049, 2049, 2049, 2049, 2049, 2051, 2051, 2051]",305.0
1269,9900,14,11,2025-09-20T12:48:20.716000+00:00,,45.931,26.091,178.0,209.0,True,951.868,"[2064, 2064, 2049, 2049, 2049, 2049, 2049, 2049]","[2049, 2051, 2049, 2049, 2049, 2049, 2049, 2049, 2049, 2049]","[2049, 2051, 2051, 2051, 2051, 2051, 2049]",312.0
1269,9900,16,10,2025-09-20T12:48:29.048000+00:00,,45.75,26.629,171.0,208.0,True,1066.948,"[2064, 2064, 2049, 2049, 2049, 2049, 2049, 2049]","[2049, 2049, 2049, 2049, 2049, 2049, 2049, 2049, 2049, 2049]","[2049, 2049, 2049, 2049, 2049, 2049, 2049]",301.0
1269,9900,44,10,2025-09-20T12:48:37.110000+00:00,,45.209,26.417,168.0,201.0,True,1004.359,"[2064, 2064, 2049, 2049, 2049, 2049, 2049, 2049]","[2049, 2049, 2049, 2051, 2051, 2051, 2051, 2051, 2051, 2051]","[2049, 2049, 2049, 2049, 2049, 2049, 2049]",300.0
1269,9900,1,9,2025-09-20T12:48:50.425000+00:00,,52.626,25.886,194.0,221.0,True,1065.869,"[2064, 2064, 2049, 2049, 2049, 2049, 2049, 2049]","[2049, 2049, 2049, 2049, 2049, 2049, 2049, 2049, 2049, 2049]","[2051, 2049, 2049, 2049, 2049, 2049, 2051, 2051]",305.0
1269,9900,22,10,2025-09-20T12:48:58.067000+00:00,,51.88,26.086,165.0,195.0,True,1032.814,"[2064, 2064, 2049, 2049, 2049, 2049, 2049, 2049]","[2049, 2049, 2049, 2049, 2049, 2049, 2049, 2049, 2049, 2049]","[2049, 2049, 2049, 2049, 2049, 2049, 2049, 2051]",305.0
1269,9900,81,8,2025-09-20T12:49:04.753000+00:00,,50.543,,174.0,199.0,True,,"[2064, 2064, 2049, 2049, 2049, 2049, 2049, 2049]","[2049, 2049, 2049, 2049, 2049, 2049, 2049, 2049, 2049, 2049]","[2049, 2049, 2049, 2049, 2049]",305.0
1269,9900,4,9,2025-09-20T12:49:22.884000+00:00,,55.617,,196.0,197.0,True,,"[2064, 2064, 2049, 2049, 2049, 2049, 2049, 2049]","[2049, 2049, 2049, 2049, 2049, 2049, 2049, 2049, 2049, 2049]",[2049],
1269,9900,5,10,2025-09-20T12:49:29.534000+00:00,,52.411,,166.0,148.0,True,,"[2064, 2064, 2049, 2049, 2049, 2049, 2049, 2049]","[2049, 2049, 2049, 2049, 2049, 2049, 2049, 2049, 2049, 2049]",[2049],
1269,9900,18,11,2025-09-20T12:49:34.425000+00:00,,,,178.0,,True,,"[2064, 2064, 2049, 2049, 2049, 2049, 2049, 2049]","[2049, 2049, 2049, 2049, 2049, 2049, 2049, 2049, 2049, 2049]",[2049],
1269,9900,55,11,2025-09-20T12:49:57.791000+00:00,35.848,,,228.0,,False,,"[2049, 2049, 2049, 2049, 2049, 2051, 2051, 2049]","[2051, 2049, 2051, 2051, 2051, 2051, 2051, 2051, 2051, 2048]",[2048],
1269,9900,87,11,2025-09-20T12:50:03.049000+00:00,,,,,,False,,"[2049, 2049, 2049, 2048, 2052, 0, 0, 0]",,,298.0
1269,9900,30,11,2025-09-20T12:50:17.776000+00:00,35.942,,,226.0,,False,,"[2049, 2049, 2049, 2049, 2049, 2049, 2049, 2051]","[2049, 2051, 2049, 2048, 2048, 2048, 2048, 2048, 2048, 2048]",[2048],
1269,9900,14,12,2025-09-20T12:50:23.457000+00:00,39.263,,,184.0,,False,,"[2049, 2049, 2049, 2049, 2049, 2049, 2049, 2049]","[2048, 2048, 2048, 2048, 2048, 2048, 2048, 2048, 2048, 2048]",[2048],
1269,9900,16,11,2025-09-20T12:50:33.391000+00:00,,,,,,False,,"[2049, 2049, 2049, 2051, 2051, 2049, 2049, 2049]","[2048, 2048, 2048, 2048, 2048, 2048, 2048, 2048, 2048, 2048]",[2048],
1269,9900,44,11,2025-09-20T12:50:40.580000+00:00,,,,,,False,,"[2049, 2049, 2049, 2049, 2048, 2048, 2048, 2048]","[2048, 2048, 2048, 2048, 2048, 2048, 2048, 2048, 2048, 2048]",[2048],
1269,9900,6,11,2025-09-20T12:50:46.883000+00:00,,,,,,False,,"[2051, 2049, 2049, 2049, 2048, 2048, 2049, 2048]","[2048, 2048, 2048, 2048, 2048, 2048, 2048, 2048, 2048, 2048]",[2048],
1269,9900,1,10,2025-09-20T12:50:54.494000+00:00,,,,,,False,,"[2049, 2049, 2051, 2048, 2048, 2048, 2048, 2048]","[2048, 2048, 2049, 2049, 2048, 2048, 2048, 2048, 2048, 2048]",[2048],
1269,9900,22,11,2025-09-20T12:51:02.905000+00:00,,,,,,False,,"[2049, 2049, 2048, 2048, 2048, 2048, 2048, 2048]","[2048, 2048, 2048, 2049, 2048, 2048, 2048, 2048, 2048, 2048]",[2048],
1269,9900,16,12,2025-09-20T12:58:02.898000+00:00,,45.273,26.469,188.0,204.0,True,559.82,"[2064, 2064, 2048, 2048, 2048, 2048, 2048, 2049]","[2049, 2048, 2049, 2049, 2049, 2048, 2048, 2048, 2048, 2048]","[2049, 2049, 2049, 2048, 2048, 2049, 2048, 2049]",301.0
1269,9900,44,12,2025-09-20T12:58:05.365000+00:00,,47.041,26.328,185.0,157.0,True,559.223,"[2064, 2064, 2048, 2048, 2048, 2049, 2049, 2049]","[2049, 2049, 2049, 2048, 2048, 2049, 2049, 2048, 2048, 2048]","[2049, 2048, 2049, 2049, 2049, 2049, 2049, 2049]",303.0
1269,9900,5,11,2025-09-20T12:58:09.349000+00:00,,48.176,26.69,172.0,158.0,True,1551.104,"[None, 2064, 2049, 2048, 2048, 2048, 2048, 2049]","[2049, 2049, 2048, 2048, 2049, 2049, 2048, 2049, 2049, 2049]","[2049, 2049, 2049, 2049, 2049, 2049, 2049, 2049]",300.0
1269,9900,55,12,2025-09-20T12:58:16.180000+00:00,,48.683,26.765,198.0,196.0,True,616.361,"[2064, 2064, 2048, 2048, 2048, 2048, 2048, 2048]","[2048, 2048, 2048, 2048, 2048, 2048, 2048, 2048, 2048, 2048]","[2049, 2048, 2048, 2048, 2048, 2048, 2048, 2049]",296.0
1269,9900,6,12,2025-09-20T12:58:19.176000+00:00,,47.924,26.685,185.0,203.0,True,572.975,"[2064, 2064, 2048, 2048, 2049, 2049, 2049, 2049]","[2049, 2049, 2049, 2048, 2048, 2049, 2049, 2048, 2048, 2048]","[2048, 2048, 2048, 2048, 2048, 2048, 2049, 2049]",301.0
1269,9900,30,12,2025-09-20T12:58:25.142000+00:00,,45.886,26.102,179.0,183.0,True,606.55,"[2064, 2064, 2048, 2048, 2048, 2048, 2048, 2048]","[2048, 2048, 2048, 2049, 2049, 2049, 2049, 2049, 2049, 2049]","[2049, 2049, 2049, 2049, 2049, 2048, 2051, 2051]",306.0
1269,9900,18,12,2025-09-20T12:58:31.857000+00:00,,48.016,26.478,185.0,178.0,True,1568.855,"[None, 2064, 2049, 2049, 2048, 2048, 2049, 2049]","[2049, 2049, 2048, 2048, 2048, 2049, 2048, 2048, 2048, 2049]","[2049, 2049, 2049, 2049, 2049, 2049, 2049, 2049]",305.0
1269,9900,14,13,2025-09-20T12:58:40.277000+00:00,,46.676,26.326,177.0,197.0,True,614.306,"[2064, 2064, 2048, 2048, 2048, 2048, 2048, 2049]","[2048, 2048, 2049, 2048, 2048, 2048, 2049, 2048, 2048, 2048]","[2048, 2048, 2048, 2051, 2051, 2051, 2049, 2049]",313.0
1269,9900,4,10,2025-09-20T12:58:51.282000+00:00,,46.687,26.217,205.0,185.0,True,1670.303,"[None, 2064, 2048, 2048, 2048, 2048, 2049, 2049]","[2049, 2049, 2049, 2049, 2049, 2049, 2049, 2049, 2049, 2049]","[2049, 2049, 2049, 2049, 2049, 2049, 2049, 2049]",306.0
1269,9900,81,9,2025-09-20T12:59:00.323000+00:00,,46.856,26.274,181.0,192.0,True,1609.055,"[None, 2064, 2049, 2049, 2049, 2049, 2049, 2049]","[2049, 2049, 2049, 2049, 2049, 2049, 2049, 2049, 2049, 2049]","[2048, 2049, 2049, 2049, 2049, 2049, 2049, 2049]",306.0
1269,9900,63,10,2025-09-20T12:59:21.241000+00:00,,45.415,25.915,193.0,221.0,True,1720.763,"[2064, 2064, 2049, 2049, 2049, 2049, 2049, 2049]","[2049, 2049, 2049, 2049, 2049, 2049, 2049, 2049, 2049, 2051]","[2051, 2049, 2049, 2049, 2049, 2049, 2049, 2049]",307.0
1269,9900,12,9,2025-09-20T12:59:23.860000+00:00,,47.242,26.124,168.0,203.0,True,1723.512,"[2064, 2064, 2049, 2049, 2049, 2049, 2049, 2049]","[2049, 2049, 2049, 2049, 2049, 2049, 2049, 2049, 2049, 2049]","[2049, 2049, 2049, 2049, 2049, 2049, 2049]",305.0
1269,9900,16,13,2025-09-20T12:59:53.328000+00:00,55.09,58.744,26.253,83.0,200.0,False,140.087,"[2049, 2048, 2048, 2048, 2048, 2048, 2048, 2048]","[2048, 2048, 2048, 2048, 2048, 2048, 2048, 2048, 2048, 2048]","[2049, 2049, 2049, 2049, 2049, 2049, 2049]",305.0
1269,9900,44,13,2025-09-20T13:00:00.218000+00:00,46.125,51.247,26.121,156.0,194.0,False,123.493,"[2048, 2048, 2048, 2048, 2048, 2048, 2048, 2048]","[2048, 2048, 2048, 2048, 2048, 2048, 2048, 2048, 2048, 2048]","[2048, 2048, 2049, 2049, 2049, 2049, 2051]",307.0
1269,9900,5,12,2025-09-20T13:00:06.610000+00:00,36.649,41.415,25.15,209.0,221.0,False,103.214,"[2049, 2049, 2049, 2049, 2049, 2049, 2049, 2049]","[2049, 2049, 2049, 2049, 2049, 2049, 2049, 2049, 2049, 2049]","[2049, 2049, 2049, 2049, 2049, 2051, 2049]",316.0
1269,9900,55,13,2025-09-20T13:00:14.490000+00:00,35.652,40.833,25.19,223.0,217.0,False,101.675,"[2049, 2049, 2049, 2049, 2049, 2048, 2048, 2048]","[2051, 2049, 2049, 2049, 2048, 2048, 2048, 2048, 2051, 2049]","[2049, 2049, 2049, 2051, 2051, 2051, 2049, 2049]",319.0
1269,9900,6,13,2025-09-20T13:00:19.781000+00:00,35.618,41.277,25.045,224.0,232.0,False,101.94,"[2049, 2049, 2048, 2049, 2049, 2049, 2051, 2049]","[2049, 2049, 2051, 2049, 2049, 2049, 2049, 2049, 2049, 2049]","[2051, 2049, 2049, 2049, 2049, 2049, 2049]",317.0
1269,9900,30,13,2025-09-20T13:00:24.508000+00:00,35.73,41.242,24.835,218.0,216.0,False,101.807,"[2049, 2048, 2048, 2049, 2049, 2049, 2049, 2048]","[2048, 2049, 2049, 2049, 2049, 2049, 2049, 2049, 2049, 2049]","[2049, 2051, 2051, 2051, 2051, 2051, 2051, 2051]",321.0
1269,9900,18,13,2025-09-20T13:00:32.636000+00:00,36.028,42.021,25.012,214.0,215.0,False,103.061,"[2049, 2049, 2049, 2049, 2049, 2049, 2049, 2049]","[2049, 2049, 2049, 2049, 2049, 2049, 2049, 2049, 2049, 2051]","[2049, 2049, 2049, 2049, 2049, 2051, 2049]",321.0
1269,9900,14,14,2025-09-20T13:00:37.908000+00:00,39.486,44.976,26.092,194.0,197.0,False,110.554,"[2048, 2048, 2048, 2049, 2049, 2049, 2048, 2048]","[2049, 2048, 2049, 2049, 2049, 2048, 2048, 2049, 2049, 2048]","[2049, 2048, 2048, 2048, 2048, 2048, 2049, 2049]",309.0
1269,9900,4,11,2025-09-20T13:00:48.797000+00:00,35.585,40.836,24.975,226.0,216.0,False,101.396,"[2049, 2049, 2049, 2051, 2049, 2049, 2049, 2049]","[2049, 2049, 2049, 2051, 2049, 2049, 2051, 2049, 2049, 2049]","[2049, 2049, 2051, 2049, 2051, 2051, 2049]",322.0
1269,9900,22,12,2025-09-20T13:00:55.710000+00:00,,48.191,27.029,179.0,165.0,True,707.743,"[2064, 2064, 2049, 2048, 2048, 2049, 2049, 2049]","[2049, 2049, 2048, 2049, 2049, 2049, 2049, 2049, 2049, 2048]","[2048, 2048, 2048, 2048, 2049, 2049, 2049, 2049]",307.0
1269,9900,81,10,2025-09-20T13:01:03.561000+00:00,35.257,41.175,25.204,219.0,219.0,False,101.636,"[2051, 2051, 2051, 2049, 2049, 2051, 2049, 2049]","[2049, 2051, 2049, 2049, 2049, 2049, 2049, 2049, 2049, 2049]","[2049, 2049, 2049, 2049, 2049, 2049, 2049, 2049]",321.0
1269,9900,1,11,2025-09-20T13:01:10.028000+00:00,,45.151,25.799,201.0,214.0,True,725.604,"[2064, 2064, 2048, 2048, 2049, 2049, 2049, 2049]","[2049, 2049, 2049, 2049, 2049, 2049, 2049, 2049, 2048, 2048]","[2049, 2049, 2049, 2049, 2049, 2049, 2049, 2049]",307.0
1269,9900,63,11,2025-09-20T13:01:10.961000+00:00,35.582,40.99,24.883,223.0,231.0,False,101.455,"[2049, 2049, 2049, 2049, 2049, 2049, 2049, 2049]","[2049, 2049, 2049, 2049, 2049, 2051, 2049, 2049, 2049, 2049]","[2049, 2049, 2049, 2051, 2051, 2051, 2051]",324.0
1269,9900,12,10,2025-09-20T13:01:22.119000+00:00,35.737,40.8,24.994,225.0,225.0,False,101.531,"[2049, 2049, 2049, 2049, 2049, 2049, 2049, 2049]","[2049, 2049, 2049, 2049, 2049, 2049, 2049, 2049, 2049, 2051]","[2049, 2049, 2051, 2051, 2049, 2049, 2049, 2049]",324.0
1269,9900,5,13,2025-09-20T13:01:49.709000+00:00,43.873,49.143,32.678,181.0,189.0,False,125.694,"[2048, 2048, 2048, 2048, 2048, 2048, 2048, 2048]","[2048, 2048, 2048, 2048, 2048, 2048, 2048, 2048, 2048, 2048]","[2048, 2048, 2048, 2048, 2048, 2048, 2064, 2064]",286.0
1269,9900,55,14,2025-09-20T13:01:55.862000+00:00,47.048,50.996,36.192,161.0,151.0,False,134.236,"[2048, 2048, 2048, 2048, 2048, 2048, 2048, 2048]","[2048, 2048, 2048, 2048, 2048, 2048, 2048, 2048, 2048, 2048]","[2048, 2048, 2048, 2048, 2048, 2048, 2064, 2064]",244.0
1269,9900,6,14,2025-09-20T13:02:01.702000+00:00,42.207,48.033,47.507,172.0,198.0,False,137.747,"[2048, 2048, 2048, 2048, 2048, 2048, 2048, 2048]","[2048, 2048, 2048, 2048, 2048, 2048, 2048, 2048, 2048, 2048]","[2048, 2048, 2048, 2048, 2048, 2048, 2064, 2064]",292.0
1269,9900,44,14,2025-09-20T13:02:03.262000+00:00,35.688,41.586,25.55,215.0,220.0,False,102.824,"[2049, 2048, 2049, 2049, 2049, 2049, 2049, 2049]","[2049, 2049, 2049, 2049, 2049, 2049, 2049, 2049, 2049, 2049]","[2048, 2049, 2049, 2049, 2049, 2049, 2048, 2048]",319.0
1269,9900,30,14,2025-09-20T13:02:06.118000+00:00,39.219,48.187,35.482,186.0,177.0,False,122.888,"[2048, 2048, 2048, 2048, 2048, 2048, 2048, 2048]","[2048, 2048, 2048, 2048, 2048, 2048, 2048, 2048, 2048, 2048]","[2048, 2048, 2048, 2048, 2048, 2048, 2064, 2064]",251.0
1269,9900,16,14,2025-09-20T13:02:13.337000+00:00,51.939,48.251,32.315,124.0,170.0,False,132.505,"[None, 2048, 2049, 2049, 2051, 2048, 2048, 2048]","[2048, 2048, 2048, 2048, 2048, 2048, 2048, 2048, 2048, 2048]","[2048, 2048, 2048, 2048, 2048, 2048, 2064, 2064]",296.0
1269,9900,18,14,2025-09-20T13:02:15.602000+00:00,42.598,46.964,33.262,175.0,179.0,False,122.824,"[2048, 2048, 2048, 2048, 2048, 2048, 2048, 2048]","[2048, 2048, 2048, 2048, 2048, 2048, 2048, 2048, 2048, 2048]","[2048, 2048, 2048, 2048, 2048, 2048, 2064, 2064]",297.0
1269,9900,14,15,2025-09-20T13:02:28.414000+00:00,37.891,56.706,26.858,177.0,169.0,False,121.455,"[2049, 2049, 2049, 2049, 2049, 2048, 2048, 2048]","[2048, 2048, 2048, 2048, 2048, 2048, 2048, 2048, 2048, 2048]","[2048, 2048, 2048, 2048, 2048, 2048, 2048, 2048]",309.0
1269,9900,4,12,2025-09-20T13:02:29.997000+00:00,49.361,57.237,34.045,165.0,79.0,False,140.643,"[2048, 2048, 2048, 2048, 2048, 2048, 2048, 2048]","[2048, 2048, 2048, 2048, 2048, 2048, 2048, 2048, 2048, 2048]","[2048, 2048, 2048, 2048, 2048, 2048, 2064, 2064]",297.0
1269,9900,81,11,2025-09-20T13:02:45.194000+00:00,55.537,53.037,37.123,158.0,160.0,False,145.697,"[2048, 2048, 2048, 2048, 2048, 2048, 2048, 2048]","[2048, 2048, 2048, 2048, 2048, 2048, 2048, 2048, 2048, 2048]","[2048, 2048, 2048, 2048, 2048, 2048, 2064, 2064]",235.0
1269,9900,22,13,2025-09-20T13:02:50.566000+00:00,35.9,41.101,24.966,222.0,220.0,False,101.967,"[2048, 2049, 2049, 2049, 2049, 2049, 2049, 2049]","[2049, 2049, 2049, 2049, 2051, 2049, 2049, 2049, 2049, 2049]","[2049, 2049, 2049, 2049, 2049, 2049, 2049, 2049]",321.0
1269,9900,63,12,2025-09-20T13:02:52.290000+00:00,52.641,55.832,35.721,164.0,177.0,False,144.194,"[2048, 2048, 2048, 2048, 2048, 2048, 2048, 2048]","[2048, 2048, 2048, 2048, 2048, 2048, 2048, 2048, 2048, 2048]","[2048, 2048, 2048, 2048, 2048, 2048, 2064, 2064]",269.0
1269,9900,1,12,2025-09-20T13:03:00.219000+00:00,35.568,40.838,25.04,222.0,231.0,False,101.446,"[2049, 2049, 2048, 2049, 2049, 2049, 2049, 2049]","[2049, 2049, 2049, 2049, 2049, 2049, 2049, 2049, 2049, 2051]","[2049, 2049, 2049, 2049, 2049, 2049, 2049]",321.0
1269,9900,12,11,2025-09-20T13:03:03.802000+00:00,51.261,58.093,36.262,144.0,176.0,False,145.616,"[2048, 2048, 2048, 2048, 2048, 2048, 2048, 2048]","[2048, 2048, 2048, 2048, 2048, 2048, 2048, 2048, 2048, 2048]","[2048, 2048, 2048, 2048, 2048, 2048, 2064, 2064]",266.0
1269,9900,44,15,2025-09-20T13:03:46.152000+00:00,52.008,56.321,26.941,152.0,158.0,False,135.27,"[2048, 2048, 2048, 2048, 2048, 2048, 2048, 2048]","[2048, 2048, 2048, 2048, 2048, 2048, 2048, 2048, 2048, 2048]","[2048, 2048, 2048, 2048, 2048, 2048, 2048, 2048]",303.0
1269,9900,14,16,2025-09-20T13:04:29.955000+00:00,43.665,50.756,27.015,159.0,180.0,False,121.436,"[2048, 2048, 2049, 2048, 2048, 2048, 2048, 2048]","[2048, 2048, 2048, 2048, 2048, 2048, 2048, 2048, 2048, 2048]","[2048, 2048, 2048, 2048, 2048, 2048, 2048, 2048]",307.0
1269,9900,22,14,2025-09-20T13:04:32.561000+00:00,55.615,54.763,28.218,147.0,166.0,False,138.596,"[None, 2048, 2048, 2048, 2048, 2048, 2048, 2048]","[2048, 2048, 2048, 2048, 2048, 2048, 2048, 2048, 2048, 2048]","[2048, 2048, 2048, 2048, 2048, 2048, 2048, 2048]",288.0
1269,9900,30,15,2025-09-20T13:04:33.638000+00:00,70.308,49.363,27.125,176.0,150.0,True,146.796,"[2064, 2064, 2048, 2048, 2048, 2048, 2048, 2048]","[2048, 2048, 2048, 2048, 2048, 2048, 2048, 2048, 2048, 2048]","[2048, 2048, 2048, 2048, 2048, 2048, 2048, 2048]",305.0
1269,9900,1,13,2025-09-20T13:04:41.553000+00:00,52.97,56.501,33.45,125.0,152.0,False,142.921,"[2048, 2048, 2048, 2048, 2048, 2048, 2048, 2048]","[2048, 2048, 2048, 2048, 2048, 2048, 2048, 2048, 2048, 2048]","[2048, 2048, 2048, 2048, 2048, 2048, 2048, 2048]",229.0
1269,9900,16,15,2025-09-20T13:04:46.564000+00:00,64.577,46.479,26.294,183.0,207.0,True,137.35,"[2064, 2064, 2048, 2048, 2048, 2048, 2048, 2048]","[2048, 2048, 2048, 2048, 2048, 2048, 2049, 2049, 2049, 2049]","[2049, 2049, 2048, 2048, 2048, 2048, 2048, 2048]",302.0
1269,9900,4,13,2025-09-20T13:05:11.813000+00:00,57.788,47.215,28.251,195.0,110.0,True,133.254,"[2064, 2064, 2048, 2048, 2048, 2048, 2048, 2048]","[2048, 2048, 2048, 2048, 2048, 2048, 2048, 2048, 2048, 2048]","[2048, 2048, 2048, 2048, 2048, 2048, 2048, 2048]",304.0
1269,9900,81,12,2025-09-20T13:05:25.257000+00:00,61.598,55.878,26.801,166.0,181.0,True,144.277,"[2064, 2064, 2048, 2048, 2048, 2048, 2048, 2048]","[2048, 2048, 2048, 2048, 2048, 2048, 2048, 2048, 2048, 2048]","[2048, 2048, 2048, 2048, 2048, 2048, 2048, 2048]",303.0
1269,9900,63,13,2025-09-20T13:05:40.309000+00:00,77.427,49.8,25.97,186.0,213.0,True,153.197,"[2064, 2064, 2048, 2048, 2048, 2048, 2048, 2048]","[2048, 2048, 2048, 2048, 2048, 2048, 2048, 2048, 2048, 2048]","[2048, 2048, 2048, 2048, 2048, 2048, 2048, 2048]",306.0
1269,9900,12,12,2025-09-20T13:05:46.236000+00:00,73.737,48.492,26.306,164.0,186.0,True,148.535,"[2064, 2064, 2048, 2048, 2048, 2048, 2048, 2048]","[2048, 2048, 2048, 2048, 2048, 2048, 2048, 2048, 2048, 2048]","[2048, 2048, 2048, 2048, 2048, 2048, 2048, 2048]",303.0
1269,9900,6,15,2025-09-20T13:05:53.963000+00:00,,56.588,27.308,180.0,94.0,True,228.758,"[2064, 2064, 2048, 2048, 2048, 2048, 2048, 2048]","[2048, 2048, 2048, 2048, 2048, 2048, 2048, 2048, 2048, 2048]","[2048, 2048, 2048, 2048, 2048, 2048, 2049, 2049]",303.0
1269,9900,5,14,2025-09-20T13:05:56.385000+00:00,,47.994,26.979,149.0,153.0,True,247.569,"[2064, 2064, 2048, 2048, 2048, 2048, 2048, 2048]","[2048, 2048, 2048, 2048, 2048, 2048, 2048, 2048, 2048, 2048]","[2048, 2048, 2048, 2048, 2048, 2048, 2049, 2049]",303.0
1269,9900,44,16,2025-09-20T13:06:01.551000+00:00,35.711,41.361,25.111,212.0,220.0,False,102.183,"[None, 2048, 2048, 2049, 2049, 2049, 2048, 2048]","[2048, 2049, 2049, 2049, 2049, 2049, 2049, 2049, 2049, 2049]","[2049, 2049, 2049, 2049, 2049, 2049, 2048, 2048]",319.0
1269,9900,18,15,2025-09-20T13:06:03.198000+00:00,,54.834,26.295,184.0,179.0,True,239.809,"[2064, 2064, 2048, 2048, 2048, 2048, 2048, 2048]","[2048, 2048, 2048, 2048, 2048, 2048, 2048, 2048, 2048, 2048]","[2048, 2048, 2048, 2048, 2048, 2048, 2048, 2048]",305.0
1269,9900,55,15,2025-09-20T13:06:06.058000+00:00,,50.52,27.174,191.0,162.0,True,257.551,"[2064, 2064, 2048, 2048, 2048, 2048, 2048, 2048]","[2048, 2048, 2048, 2048, 2048, 2048, 2048, 2048, 2048, 2048]","[2048, 2048, 2048, 2048, 2048, 2048, 2048, 2048]",296.0
1269,9900,14,17,2025-09-20T13:06:31.409000+00:00,35.825,41.108,24.924,223.0,227.0,False,101.857,"[2049, 2048, 2048, 2049, 2049, 2049, 2049, 2049]","[2049, 2051, 2049, 2049, 2049, 2049, 2049, 2049, 2049, 2051]","[2049, 2049, 2049, 2049, 2049, 2049, 2049, 2051]",320.0
1269,9900,30,16,2025-09-20T13:06:35.933000+00:00,41.19,50.759,25.916,179.0,196.0,False,117.865,"[2049, 2048, 2048, 2048, 2048, 2048, 2048, 2048]","[2048, 2048, 2048, 2048, 2048, 2048, 2048, 2048, 2048, 2048]","[2048, 2048, 2048, 2048, 2048, 2048, 2048, 2048]",306.0
1269,9900,16,16,2025-09-20T13:06:43.231000+00:00,35.797,40.785,24.937,217.0,220.0,False,101.519,"[2048, 2048, 2049, 2048, 2048, 2048, 2049, 2049]","[2049, 2049, 2049, 2049, 2049, 2049, 2049, 2051, 2051, 2049]","[2049, 2049, 2049, 2049, 2049, 2049, 2049]",319.0
1269,9900,22,15,2025-09-20T13:06:51.156000+00:00,51.921,52.849,26.306,127.0,186.0,False,131.076,"[None, 2048, 2048, 2048, 2048, 2048, 2048, 2048]","[2048, 2048, 2048, 2048, 2048, 2048, 2048, 2048, 2048, 2048]","[2048, 2048, 2048, 2048, 2048, 2048, 2048, 2048]",301.0
1269,9900,4,14,2025-09-20T13:07:04.022000+00:00,36.881,48.599,49.03,156.0,187.0,False,134.51,"[2048, 2048, 2049, 2051, 2048, 2048, 2048, 2048]","[2048, 2048, 2048, 2048, 2048, 2048, 2048, 2048, 2048, 2048]","[2048, 2048, 2048, 2048, 2048, 2048, 2064, 2064]",281.0
1269,9900,1,14,2025-09-20T13:07:04.556000+00:00,46.82,54.376,26.107,170.0,211.0,False,127.303,"[None, 2048, 2048, 2048, 2048, 2048, 2048, 2048]","[2048, 2048, 2048, 2048, 2048, 2048, 2048, 2048, 2048, 2048]","[2048, 2048, 2048, 2048, 2048, 2048, 2048, 2049]",305.0
1269,9900,81,13,2025-09-20T13:07:35.137000+00:00,35.45,40.825,25.139,220.0,210.0,False,101.414,"[2048, 2048, 2048, 2049, 2049, 2048, 2048, 2049]","[2051, 2048, 2049, 2048, 2051, 2051, 2049, 2048, 2049, 2049]","[2048, 2049, 2049, 2049, 2048, 2048, 2049]",319.0
1269,9900,44,17,2025-09-20T13:07:43.643000+00:00,56.631,50.834,33.547,146.0,184.0,False,141.012,"[None, 2048, 2048, 2048, 2048, 2048, 2048, 2048]","[2048, 2048, 2048, 2048, 2048, 2048, 2048, 2048, 2048, 2048]","[2048, 2048, 2048, 2048, 2048, 2048, 2064, 2064]",287.0
1269,9900,63,14,2025-09-20T13:07:49.781000+00:00,35.913,40.827,24.983,222.0,238.0,False,101.723,"[2049, 2048, 2048, 2049, 2048, 2048, 2048, 2049]","[2049, 2049, 2049, 2048, 2049, 2049, 2048, 2049, 2048, 2051]","[2049, 2048, 2048, 2048, 2048, 2048, 2048, 2048]",320.0
1269,9900,12,13,2025-09-20T13:07:57.864000+00:00,35.739,40.827,24.898,220.0,217.0,False,101.464,"[2048, 2048, 2048, 2049, 2049, 2048, 2049, 2049]","[2048, 2049, 2049, 2048, 2049, 2049, 2049, 2049, 2048, 2048]","[2049, 2049, 2051, 2048, 2048, 2048, 2048, 2048]",321.0
1269,9900,5,15,2025-09-20T13:08:03.137000+00:00,35.854,41.07,25.353,208.0,229.0,False,102.277,"[2049, 2049, 2049, 2049, 2049, 2049, 2049, 2049]","[2048, 2048, 2049, 2049, 2049, 2049, 2048, 2049, 2049, 2049]","[2048, 2048, 2049, 2049, 2049, 2049, 2049, 2049]",319.0
1269,9900,6,16,2025-09-20T13:08:08.343000+00:00,35.668,40.956,25.023,224.0,230.0,False,101.647,"[2048, 2048, 2049, 2048, 2049, 2049, 2048, 2049]","[2049, 2049, 2049, 2049, 2049, 2049, 2049, 2049, 2049, 2049]","[2048, 2049, 2049, 2049, 2049, 2049, 2049, 2049]",318.0
1269,9900,14,18,2025-09-20T13:08:13.155000+00:00,44.598,55.145,39.069,164.0,150.0,False,138.812,"[2048, 2048, 2048, 2048, 2048, 2048, 2048, 2048]","[2048, 2048, 2048, 2048, 2048, 2048, 2048, 2048, 2048, 2048]","[2048, 2048, 2048, 2048, 2048, 2048, 2064, 2064]",245.0
1269,9900,18,16,2025-09-20T13:08:18.274000+00:00,56.061,49.182,37.064,172.0,146.0,False,142.307,"[2049, 2048, 2048, 2048, 2048, 2048, 2048, 2048]","[2048, 2048, 2048, 2048, 2048, 2048, 2048, 2048, 2048, 2048]","[2048, 2048, 2048, 2048, 2048, 2048, 2064, 2064]",254.0
1269,9900,16,17,2025-09-20T13:08:24.657000+00:00,51.181,48.848,37.596,171.0,160.0,False,137.625,"[None, 2048, 2048, 2048, 2048, 2048, 2048, 2048]","[2048, 2048, 2048, 2048, 2048, 2048, 2048, 2048, 2048, 2048]","[2048, 2048, 2048, 2048, 2048, 2048, 2064, 2064]",276.0
1269,9900,55,16,2025-09-20T13:08:27.660000+00:00,35.841,43.706,38.613,230.0,146.0,False,118.16,"[2049, 2048, 2048, 2048, 2048, 2049, 2049, 2049]","[2048, 2048, 2051, 2049, 2048, 2048, 2048, 2048, 2048, 2048]","[2048, 2048, 2048, 2048, 2048, 2048, 2064, 2064]",285.0
1269,9900,30,17,2025-09-20T13:08:33.784000+00:00,35.701,40.943,24.893,216.0,216.0,False,101.537,"[None, 2048, 2049, 2049, 2049, 2048, 2048, 2048]","[2048, 2049, 2048, 2049, 2049, 2049, 2049, 2048, 2049, 2049]","[2049, 2051, 2049, 2048, 2048, 2048, 2048]",318.0
1269,9900,22,16,2025-09-20T13:09:02.160000+00:00,35.775,40.837,25.176,224.0,225.0,False,101.788,"[None, 2049, 2049, 2051, 2049, 2049, 2049, 2049]","[2049, 2049, 2049, 2049, 2049, 2049, 2049, 2049, 2049, 2049]","[2048, 2048, 2048, 2048, 2048, 2048, 2048]",319.0
1269,9900,1,15,2025-09-20T13:09:11.855000+00:00,35.385,40.743,25.127,228.0,232.0,False,101.255,"[None, 2049, 2049, 2049, 2049, 2049, 2051, 2051]","[2049, 2048, 2048, 2049, 2051, 2048, 2051, 2048, 2048, 2048]","[2048, 2049, 2049, 2049, 2048, 2048, 2048, 2049]",319.0
1269,9900,81,14,2025-09-20T13:09:16.455000+00:00,45.762,49.504,36.728,169.0,176.0,False,131.994,"[None, 2048, 2048, 2048, 2048, 2048, 2048, 2048]","[2048, 2048, 2048, 2048, 2048, 2048, 2048, 2048, 2048, 2048]","[2048, 2048, 2048, 2048, 2048, 2048, 2064, 2064]",254.0
1269,9900,63,15,2025-09-20T13:09:31.512000+00:00,47.87,51.496,33.667,165.0,179.0,False,133.033,"[2048, 2048, 2048, 2048, 2048, 2048, 2048, 2048]","[2048, 2048, 2048, 2048, 2048, 2048, 2048, 2048, 2048, 2048]","[2048, 2048, 2048, 2048, 2048, 2048, 2064, 2064]",266.0
1269,9900,12,14,2025-09-20T13:09:39.361000+00:00,43.992,54.453,33.777,155.0,164.0,False,132.222,"[None, 2048, 2048, 2048, 2048, 2048, 2048, 2048]","[2048, 2048, 2048, 2048, 2048, 2048, 2048, 2048, 2048, 2048]","[2048, 2048, 2048, 2048, 2048, 2048, 2064, 2064]",292.0
1269,9900,5,16,2025-09-20T13:09:45.373000+00:00,46.818,57.772,39.384,163.0,127.0,False,143.974,"[2048, 2048, 2048, 2048, 2048, 2048, 2048, 2048]","[2048, 2048, 2048, 2048, 2048, 2048, 2048, 2048, 2048, 2048]","[2048, 2048, 2048, 2048, 2048, 2048, 2064, 2064]",270.0
1269,9900,6,17,2025-09-20T13:09:49.983000+00:00,42.906,59.128,40.332,177.0,169.0,False,142.366,"[None, 2048, 2048, 2048, 2048, 2048, 2048, 2048]","[2048, 2048, 2048, 2048, 2048, 2048, 2048, 2048, 2048, 2048]","[2048, 2048, 2048, 2048, 2048, 2048, 2064, 2064]",183.0
1269,9900,30,18,2025-09-20T13:10:15.171000+00:00,45.183,52.437,41.594,163.0,172.0,False,139.214,"[2048, 2048, 2048, 2048, 2048, 2048, 2048, 2048]","[2048, 2048, 2048, 2048, 2048, 2048, 2048, 2048, 2048, 2048]","[2048, 2048, 2048, 2048, 2048, 2048, 2064, 2064]",209.0
1269,9900,22,17,2025-09-20T13:10:43.917000+00:00,46.284,55.12,37.183,155.0,162.0,False,138.587,"[None, 2048, 2048, 2048, 2048, 2048, 2048, 2048]","[2048, 2048, 2048, 2048, 2048, 2048, 2048, 2048, 2048, 2048]","[2048, 2048, 2048, 2048, 2048, 2048, 2064, 2064]",254.0
1269,9900,1,16,2025-09-20T13:10:53.229000+00:00,47.244,55.452,35.707,139.0,167.0,False,138.403,"[None, 2048, 2048, 2048, 2048, 2048, 2048, 2048]","[2048, 2048, 2048, 2048, 2048, 2048, 2048, 2048, 2048, 2048]","[2048, 2048, 2048, 2048, 2048, 2048, 2064, 2064]",250.0
1269,9900,30,19,2025-09-20T13:18:37.305000+00:00,,47.352,26.361,173.0,183.0,True,478.56,"[2064, 2064, 2049, 2049, 2049, 2049, 2049, 2049]","[2049, 2049, 2049, 2049, 2049, 2049, 2049, 2049, 2049, 2049]","[2049, 2051, 2051, 2051, 2051, 2051, 2051]",303.0
1269,9900,55,17,2025-09-20T13:18:39.217000+00:00,,48.264,26.782,188.0,183.0,True,615.612,"[2064, 2064, 2049, 2049, 2049, 2049, 2049, 2049]","[2049, 2049, 2049, 2049, 2049, 2049, 2049, 2049, 2049, 2049]","[2049, 2049, 2049, 2049, 2049, 2049, 2049, 2049]",296.0
1269,9900,6,18,2025-09-20T13:18:42.653000+00:00,,47.743,26.731,192.0,201.0,True,514.634,"[2064, 2064, 2049, 2049, 2049, 2049, 2049, 2049]","[2049, 2049, 2049, 2049, 2049, 2049, 2049, 2049, 2049, 2049]","[2049, 2049, 2049, 2049, 2049, 2049, 2049, 2049]",301.0
1269,9900,63,16,2025-09-20T13:18:48.317000+00:00,,45.445,26.081,188.0,184.0,True,547.12,"[2064, 2064, 2049, 2051, 2049, 2049, 2051, 2051]","[2049, 2051, 2049, 2049, 2049, 2049, 2049, 2051, 2049, 2051]","[2049, 2051, 2051, 2051, 2051, 2051, 2049]",308.0
1269,9900,4,15,2025-09-20T13:18:58.698000+00:00,,44.186,26.21,195.0,185.0,True,706.187,"[2064, 2064, 2049, 2049, 2049, 2049, 2049, 2049]","[2051, 2049, 2051, 2051, 2051, 2049, 2049, 2049, 2051, 2049]","[2049, 2049, 2049, 2049, 2049, 2049, 2049, 2049]",304.0
1269,9900,12,15,2025-09-20T13:19:04.114000+00:00,,46.203,26.303,179.0,198.0,True,564.643,"[2064, 2064, 2049, 2049, 2049, 2049, 2049, 2049]","[2049, 2049, 2049, 2049, 2049, 2049, 2049, 2049, 2049, 2049]","[2051, 2049, 2049, 2049, 2049, 2049, 2049, 2049]",303.0
1269,9900,81,15,2025-09-20T13:19:17.136000+00:00,,45.411,26.479,190.0,186.0,True,596.122,"[2064, 2064, 2049, 2049, 2049, 2049, 2049, 2049]","[2049, 2049, 2049, 2049, 2049, 2049, 2049, 2049, 2049, 2049]","[2049, 2049, 2049, 2049, 2049, 2049, 2049, 2049]",304.0
1269,9900,16,18,2025-09-20T13:19:29.564000+00:00,,48.065,26.526,191.0,184.0,True,649.728,"[2064, 2064, 2049, 2049, 2049, 2049, 2049, 2049]","[2049, 2049, 2049, 2049, 2049, 2051, 2051, 2049, 2049, 2049]","[2049, 2049, 2049, 2049, 2049, 2049, 2049, 2049]",302.0
1269,9900,22,18,2025-09-20T13:19:42.002000+00:00,,46.325,26.287,166.0,185.0,True,517.285,"[2064, 2064, 2049, 2049, 2049, 2049, 2049, 2049]","[2049, 2049, 2049, 2049, 2049, 2049, 2049, 2049, 2049, 2049]","[2051, 2049, 2049, 2049, 2049, 2049, 2049, 2051]",300.0
1269,9900,30,20,2025-09-20T13:20:32.974000+00:00,36.056,41.434,25.07,219.0,227.0,False,102.56,"[2049, 2049, 2049, 2049, 2049, 2049, 2049, 2051]","[2049, 2049, 2049, 2049, 2049, 2049, 2049, 2049, 2049, 2049]","[2051, 2051, 2049, 2049, 2049, 2051, 2051]",316.0
1269,9900,55,18,2025-09-20T13:20:41.367000+00:00,35.838,40.574,25.183,221.0,223.0,False,101.595,"[2049, 2049, 2051, 2049, 2049, 2049, 2049, 2049]","[2051, 2051, 2051, 2051, 2051, 2051, 2051, 2051, 2051, 2051]","[2049, 2049, 2051, 2051, 2051, 2051, 2049, 2049]",316.0
1269,9900,6,19,2025-09-20T13:20:46.866000+00:00,35.953,41.571,25.339,219.0,231.0,False,102.863,"[2051, 2049, 2049, 2049, 2049, 2049, 2051, 2049]","[2049, 2049, 2049, 2049, 2049, 2049, 2049, 2049, 2049, 2049]","[2049, 2049, 2049, 2049, 2049, 2049, 2049]",314.0
1269,9900,63,17,2025-09-20T13:20:51.576000+00:00,60.455,50.194,,69.0,99.0,False,,"[2049, 2049, 2049, 2049, 2049, 2049, 2048, 2048]","[2048, 2048, 2048, 2048, 2048, 2048, 2048, 2048, 2049, 2048]",[2048],
1269,9900,1,17,2025-09-20T13:20:54.408000+00:00,,45.834,26.106,199.0,216.0,True,572.972,"[2064, 2064, 2049, 2049, 2049, 2049, 2049, 2049]","[2049, 2049, 2049, 2049, 2049, 2049, 2049, 2049, 2049, 2049]","[2049, 2049, 2049, 2049, 2049, 2049, 2049, 2051]",304.0
1269,9900,4,16,2025-09-20T13:21:04.744000+00:00,37.647,47.301,,155.0,151.0,False,,"[2049, 2049, 2049, 2051, 2049, 2049, 2048, 2048]","[2048, 2048, 2048, 2048, 2048, 2048, 2048, 2049, 2048, 2048]","[2048, 2048, 2048, 2048, 2048]",300.0
1269,9900,12,16,2025-09-20T13:21:16.180000+00:00,36.386,41.448,,212.0,217.0,False,,"[2049, 2049, 2049, 2049, 2049, 2049, 2049, 2049]","[2049, 2049, 2049, 2049, 2049, 2049, 2049, 2049, 2049, 2049]","[2049, 2049, 2051, 2051, 2051]",320.0
1269,9900,81,16,2025-09-20T13:21:24.757000+00:00,35.823,41.596,,215.0,210.0,False,,"[2049, 2051, 2049, 2049, 2051, 2051, 2049, 2049]","[2049, 2049, 2049, 2049, 2049, 2051, 2049, 2049, 2049, 2049]",[2049],
1269,9900,16,19,2025-09-20T13:21:32.107000+00:00,36.034,48.065,,213.0,,False,,"[2049, 2049, 2049, 2049, 2049, 2049, 2049, 2049]","[2049, 2049, 2049, 2049, 2049, 2049, 2051, 2051, 2052]",,
1269,9900,22,19,2025-09-20T13:21:39.898000+00:00,36.108,,,217.0,,False,,"[2049, 2049, 2049, 2049, 2049, 2049, 2049, 2049]","[2049, 2049, 2049, 2049, 2049, 2049, 2049, 2049, 2048, 2048]",[2048],
1269,9900,30,21,2025-09-20T13:22:15.516000+00:00,,,,,,False,,"[2048, 2048, 2048, 2048, 2048, 2048, 2048, 2048]","[2048, 2048, 2048, 2048, 2048, 2048, 2048, 2048, 2048, 2048]",[2048],
1269,9900,55,19,2025-09-20T13:22:23.038000+00:00,,,,,,False,,"[2048, 2048, 2048, 2048, 2048, 2048, 2048, 2048]","[2048, 2048, 2048, 2048, 2048, 2048, 2048, 2048, 2048, 2048]",[2048],
1269,9900,6,20,2025-09-20T13:22:29.728000+00:00,,,,,,False,,"[2048, 2048, 2048, 2048, 2048, 2048, 2048, 2048]","[2048, 2048, 2048, 2048, 2048, 2048, 2048, 2048, 2048, 2048]",[2048],
1269,9900,1,18,2025-09-20T13:22:44.663000+00:00,,,,,,False,,"[2051, 2049, 2049, 2048, 2048, 2048, 2048, 2048]","[2048, 2048, 2048, 2048, 2048, 2048, 2048, 2048, 2048, 2048]",[2048],
1269,9900,1,19,2025-09-20T13:37:02.987000+00:00,,44.745,26.269,200.0,220.0,True,967.794,"[2064, 2064, 2048, 2048, 2049, 2049, 2049, 2049]","[2048, 2048, 2049, 2049, 2049, 2049, 2049, 2049, 2049, 2048]","[2048, 2048, 2048, 2048, 2048, 2048, 2048, 2048]",302.0
1269,9900,55,20,2025-09-20T13:37:06.273000+00:00,,48.465,35.82,173.0,186.0,True,1013.416,"[2064, 2064, 2048, 2048, 2048, 2048, 2048, 2048]","[2048, 2048, 2048, 2048, 2048, 2048, 2048, 2048, 2048, 2048]","[2048, 2048, 2048, 2048, 2048, 2048, 2064, 2064]",228.0
1269,9900,30,22,2025-09-20T13:37:11.712000+00:00,,47.678,26.543,180.0,148.0,True,1015.913,"[2064, 2064, 2048, 2048, 2048, 2048, 2048, 2048]","[2048, 2048, 2048, 2048, 2048, 2048, 2048, 2048, 2048, 2048]","[2048, 2048, 2048, 2048, 2048, 2048, 2048, 2049]",304.0
1269,9900,6,21,2025-09-20T13:37:17.330000+00:00,,47.861,26.706,196.0,204.0,True,1007.726,"[2064, 2064, 2048, 2048, 2048, 2048, 2048, 2048]","[2048, 2048, 2048, 2048, 2048, 2048, 2048, 2048, 2048, 2048]","[2048, 2048, 2048, 2048, 2048, 2048, 2048, 2049]",301.0
1269,9900,4,17,2025-09-20T13:37:28.962000+00:00,,48.048,26.428,193.0,178.0,True,1103.017,"[2064, 2064, 2048, 2048, 2048, 2048, 2048, 2049]","[2048, 2048, 2048, 2049, 2049, 2049, 2049, 2049, 2048, 2048]","[2048, 2048, 2048, 2048, 2049, 2048, 2048, 2048]",304.0
1269,9900,63,18,2025-09-20T13:37:30.366000+00:00,,50.304,26.584,185.0,190.0,True,1121.259,"[2064, 2064, 2048, 2048, 2048, 2048, 2048, 2048]","[2048, 2048, 2049, 2049, 2048, 2048, 2048, 2048, 2048, 2048]","[2048, 2048, 2048, 2048, 2048, 2048, 2048, 2048]",301.0
1269,9900,12,17,2025-09-20T13:37:39.850000+00:00,,47.434,26.365,178.0,200.0,True,1103.384,"[2064, 2064, 2048, 2048, 2048, 2048, 2048, 2048]","[2048, 2048, 2048, 2048, 2048, 2048, 2048, 2048, 2048, 2048]","[2048, 2048, 2048, 2048, 2048, 2048, 2049, 2049]",304.0
1269,9900,81,17,2025-09-20T13:37:46.316000+00:00,,46.827,26.406,177.0,194.0,True,1105.299,"[2064, 2064, 2048, 2048, 2048, 2048, 2048, 2048]","[2048, 2048, 2048, 2048, 2048, 2048, 2048, 2048, 2048, 2048]","[2048, 2048, 2048, 2048, 2048, 2048, 2049, 2049]",304.0
1269,9900,1,20,2025-09-20T13:38:52.287000+00:00,35.642,40.814,,228.0,229.0,False,,"[2049, 2049, 2049, 2049, 2049, 2049, 2049, 2049]","[2049, 2049, 2049, 2049, 2049, 2049, 2049, 2049, 2049, 2049]","[2049, 2049, 2049, 2049, 2049]",316.0
1269,9900,30,23,2025-09-20T13:39:11.507000+00:00,35.686,,,218.0,,False,,"[2049, 2049, 2049, 2048, 2049, 2049, 2049, 2049]","[2048, 2048, 2049, 2049, 2049, 2049, 2049, 2049, 2049, 2051]",[2048],
1269,9900,6,22,2025-09-20T13:39:17.462000+00:00,35.706,,,215.0,,False,,"[2048, 2049, 2049, 2048, 2049, 2049, 2051, 2049]","[2049, 2049, 2049, 2049, 2049, 2049, 2048, 2049, 2048, 2048]",[2048],
1269,9900,4,18,2025-09-20T13:39:27.763000+00:00,35.506,,,227.0,,False,,"[2049, 2049, 2049, 2048, 2048, 2051, 2049, 2049]","[2049, 2049, 2049, 2051, 2049, 2048, 2048, 2048, 2048, 2048]",[2048],
1269,9900,63,19,2025-09-20T13:39:33.056000+00:00,35.691,,,226.0,,False,,"[2048, 2049, 2049, 2048, 2049, 2049, 2049, 2051]","[2049, 2049, 2049, 2049, 2048, 2048, 2048, 2048, 2048, 2048]",[2048],
1269,9900,22,20,2025-09-20T13:39:34.862000+00:00,,,,148.0,,True,,"[2064, 2064, 2048, 2048, 2048, 2048, 2048, 2048]","[2048, 2048, 2048, 2048, 2048, 2048, 2048, 2048, 2048, 2048]",[2048],
1269,9900,12,18,2025-09-20T13:39:39.565000+00:00,35.816,,,227.0,,False,,"[2049, 2049, 2049, 2048, 2049, 2049, 2049, 2049]","[2048, 2048, 2048, 2048, 2048, 2048, 2048, 2048, 2048, 2048]",[2048],
1269,9900,81,18,2025-09-20T13:39:50.066000+00:00,,,,,,False,,"[2051, 0, 0, 0, 0, 0, 0, 0]",,,
1269,9900,4,19,2025-09-20T13:54:05.323000+00:00,,43.63,26.311,196.0,207.0,True,985.085,"[2064, 2064, 2048, 2048, 2048, 2048, 2048, 2048]","[2048, 2048, 2048, 2048, 2048, 2048, 2048, 2049, 2049, 2049]","[2049, 2048, 2048, 2048, 2048, 2048, 2048, 2048]",303.0
1269,9900,55,21,2025-09-20T13:54:07.908000+00:00,,46.398,26.533,205.0,206.0,True,1009.107,"[None, 2064, 2048, 2048, 2048, 2048, 2048, 2048]","[2048, 2048, 2048, 2048, 2048, 2048, 2048, 2048, 2048, 2048]","[2048, 2048, 2048, 2048, 2048, 2048, 2048, 2048]",294.0
1269,9900,63,20,2025-09-20T13:54:08.996000+00:00,,44.911,26.261,185.0,215.0,True,985.352,"[2064, 2064, 2048, 2048, 2048, 2048, 2048, 2048]","[2048, 2048, 2048, 2048, 2048, 2048, 2048, 2048, 2049, 2049]","[2049, 2048, 2048, 2048, 2048, 2048, 2048, 2048]",304.0
1269,9900,30,24,2025-09-20T13:54:13.842000+00:00,,45.726,26.007,180.0,207.0,True,1019.67,"[2064, 2064, 2048, 2048, 2048, 2048, 2048, 2048]","[2048, 2048, 2048, 2048, 2048, 2048, 2048, 2048, 2048, 2048]","[2048, 2048, 2048, 2048, 2048, 2048, 2048, 2051]",306.0
1269,9900,12,19,2025-09-20T13:54:21.352000+00:00,,45.503,26.043,195.0,210.0,True,997.955,"[2064, 2064, 2048, 2048, 2048, 2048, 2048, 2048]","[2048, 2048, 2048, 2048, 2048, 2048, 2048, 2048, 2048, 2048]","[2048, 2048, 2048, 2048, 2048, 2048, 2049, 2049]",304.0
1269,9900,6,23,2025-09-20T13:54:27.132000+00:00,,45.269,26.631,195.0,215.0,True,1026.319,"[2064, 2064, 2048, 2048, 2048, 2048, 2048, 2048]","[2048, 2048, 2048, 2048, 2048, 2048, 2048, 2048, 2048, 2048]","[2048, 2048, 2048, 2048, 2048, 2048, 2048, 2048]",301.0
1269,9900,1,21,2025-09-20T13:54:39.742000+00:00,,48.141,26.004,204.0,214.0,True,1060.922,"[2064, 2064, 2048, 2048, 2048, 2048, 2048, 2048]","[2048, 2048, 2048, 2048, 2048, 2048, 2048, 2048, 2048, 2048]","[2048, 2048, 2048, 2048, 2048, 2049, 2048, 2049]",305.0
1269,9900,22,21,2025-09-20T13:54:42.373000+00:00,,49.008,26.58,167.0,170.0,True,2100.563,"[None, 2064, 2048, 2048, 2048, 2048, 2048, 2048]","[2048, 2048, 2048, 2048, 2048, 2048, 2048, 2048, 2048, 2048]","[2048, 2048, 2048, 2048, 2048, 2049, 2049, 2048]",300.0
1269,9900,4,20,2025-09-20T13:55:52.843000+00:00,35.512,41.417,25.31,221.0,212.0,False,102.239,"[2049, 2051, 2048, 2048, 2048, 2048, 2048, 2049]","[2048, 2048, 2049, 2048, 2048, 2049, 2049, 2049, 2049, 2048]","[2049, 2049, 2049, 2049, 2049, 2049, 2049, 2049]",317.0
1269,9900,63,21,2025-09-20T13:55:58.299000+00:00,35.752,41.331,24.987,225.0,228.0,False,102.07,"[2048, 2049, 2049, 2048, 2049, 2048, 2048, 2049]","[2048, 2049, 2049, 2049, 2049, 2049, 2049, 2049, 2049, 2049]","[2049, 2049, 2051, 2051, 2051, 2051, 2051, 2049]",320.0
1269,9900,55,22,2025-09-20T13:56:05.513000+00:00,35.337,41.51,25.017,222.0,226.0,False,101.864,"[2049, 2049, 2049, 2048, 2049, 2049, 2049, 2051]","[2048, 2048, 2048, 2048, 2048, 2048, 2048, 2048, 2048, 2048]","[2049, 2051, 2049, 2049, 2049, 2049, 2049, 2048]",318.0
1269,9900,30,25,2025-09-20T13:56:11.220000+00:00,35.432,41.316,24.959,220.0,229.0,False,101.707,"[2051, 2049, 2049, 2051, 2049, 2048, 2048, 2049]","[2048, 2048, 2049, 2049, 2048, 2048, 2048, 2048, 2048, 2048]","[2048, 2048, 2049, 2049, 2049, 2049, 2051, 2050]",318.0
1269,9900,12,20,2025-09-20T13:56:17.611000+00:00,35.718,40.84,25.159,229.0,218.0,False,101.717,"[2049, 2048, 2048, 2048, 2049, 2049, 2048, 2049]","[2049, 2049, 2049, 2049, 2049, 2048, 2049, 2049, 2049, 2049]","[2048, 2048, 2049, 2051, 2051, 2051, 2049]",321.0
1269,9900,6,24,2025-09-20T13:56:23.856000+00:00,35.556,41.066,25.75,223.0,227.0,False,102.372,"[2049, 2048, 2048, 2049, 2048, 2048, 2051, 2049]","[2048, 2049, 2049, 2049, 2049, 2049, 2048, 2048, 2049, 2048]","[2048, 2048, 2049, 2049, 2049, 2049, 2049]",316.0
1269,9900,1,22,2025-09-20T13:56:33.285000+00:00,35.331,40.577,25.209,225.0,225.0,False,101.117,"[2049, 2048, 2049, 2049, 2051, 2049, 2049, 2049]","[2049, 2049, 2051, 2049, 2049, 2049, 2049, 2051, 2051, 2049]","[2048, 2048, 2049, 2049, 2049, 2049, 2049, 2048]",319.0
1269,9900,22,22,2025-09-20T13:56:40.411000+00:00,36.038,40.979,25.126,215.0,223.0,False,102.143,"[2049, 2049, 2049, 2049, 2049, 2048, 2048, 2048]","[2049, 2051, 2049, 2049, 2049, 2048, 2048, 2049, 2049, 2049]","[2049, 2049, 2049, 2049, 2049, 2049, 2049]",318.0
1269,9900,4,21,2025-09-20T13:57:35.045000+00:00,43.019,51.889,,168.0,157.0,False,,"[2048, 2048, 2048, 2048, 2048, 2048, 2048, 2048]","[2048, 2048, 2048, 2048, 2048, 2048, 2048, 2048, 2048, 2048]","[2048, 2048, 2048, 2048, 2048]",264.0
1269,9900,63,22,2025-09-20T13:57:40.280000+00:00,53.64,57.203,,159.0,143.0,False,,"[None, 2048, 2048, 2048, 2048, 2048, 2048, 2048]","[2048, 2048, 2048, 2048, 2048, 2048, 2048, 2048, 2048, 2048]","[2048, 2048, 2048, 2048, 2048]",267.0
1269,9900,55,23,2025-09-20T13:57:47.378000+00:00,50.292,55.918,,147.0,133.0,False,,"[2048, 2048, 2048, 2048, 2048, 2048, 2048, 2048]","[2048, 2048, 2048, 2048, 2048, 2048, 2048, 2048, 2048, 2048]","[2048, 2048, 2048, 2048, 2048]",212.0
1269,9900,30,26,2025-09-20T13:57:52.809000+00:00,51.604,57.097,,124.0,136.0,False,,"[2048, 2048, 2048, 2048, 2048, 2048, 2048, 2048]","[2048, 2048, 2048, 2048, 2048, 2048, 2048, 2048, 2048, 2048]","[2048, 2048, 2048, 2048, 2048]",244.0
1269,9900,12,21,2025-09-20T13:57:59.181000+00:00,47.414,57.749,,146.0,140.0,False,,"[2048, 2048, 2048, 2048, 2048, 2048, 2048, 2048]","[2048, 2048, 2048, 2048, 2048, 2048, 2048, 2048, 2048, 2048]","[2048, 2048, 2048, 2048, 2048]",236.0
1269,9900,6,25,2025-09-20T13:58:06.144000+00:00,45.554,60.915,,197.0,188.0,False,,"[2048, 2048, 2048, 2048, 2048, 2048, 2048, 2048]","[2048, 2048, 2048, 2048, 2048, 2048, 2048, 2048, 2048, 2048]","[2048, 2048, 2048, 2048, 2048]",278.0
1269,9900,1,23,2025-09-20T13:58:14.311000+00:00,46.572,53.86,,143.0,168.0,False,,"[2048, 2048, 2048, 2048, 2048, 2048, 2048, 2048]","[2048, 2048, 2048, 2048, 2048, 2048, 2048, 2048, 2048, 2048]","[2048, 2048, 2048, 2048, 2048]",257.0
1269,9900,22,23,2025-09-20T13:58:22.535000+00:00,53.715,50.34,,150.0,168.0,False,,"[2048, 2048, 2048, 2048, 2048, 2048, 2048, 2048]","[2048, 2048, 2048, 2048, 2048, 2048, 2048, 2048, 2048, 2048]","[2048, 2048, 2048, 2048, 2048]",257.0
