date,session_key,meeting_key,driver_number,position
2025-11-29T17:48:30.360000+00:00,9846,1275,81,1
2025-11-29T17:48:30.360000+00:00,9846,1275,4,2
2025-11-29T17:48:30.360000+00:00,9846,1275,14,3
2025-11-29T17:48:30.360000+00:00,9846,1275,55,4
2025-11-29T17:48:30.360000+00:00,9846,1275,6,5
2025-11-29T17:48:30.360000+00:00,9846,1275,1,6
2025-11-29T17:48:30.360000+00:00,9846,1275,23,7
2025-11-29T17:48:30.360000+00:00,9846,1275,16,8
2025-11-29T17:48:30.360000+00:00,9846,1275,18,9
2025-11-29T17:48:30.360000+00:00,9846,1275,12,10
2025-11-29T17:48:30.360000+00:00,9846,1275,27,11
2025-11-29T17:48:30.360000+00:00,9846,1275,44,12
2025-11-29T17:48:30.360000+00:00,9846,1275,22,13
2025-11-29T17:48:30.360000+00:00,9846,1275,63,14
2025-11-29T17:48:30.360000+00:00,9846,1275,87,15
2025-11-29T17:48:30.360000+00:00,9846,1275,5,16
2025-11-29T17:48:30.360000+00:00,9846,1275,31,17
2025-11-29T17:48:30.360000+00:00,9846,1275,10,18
2025-11-29T17:48:30.360000+00:00,9846,1275,30,19
2025-11-29T17:48:30.360000+00:00,9846,1275,43,20
2025-11-29T18:00:03.965000+00:00,9846,1275,81,2
2025-11-29T18:00:03.965000+00:00,9846,1275,4,3
2025-11-29T18:00:03.965000+00:00,9846,1275,14,4
2025-11-29T18:00:03.965000+00:00,9846,1275,55,1
2025-11-29T18:00:09.762000+00:00,9846,1275,81,3
2025-11-29T18:00:09.762000+00:00,9846,1275,4,4
2025-11-29T18:00:09.762000+00:00,9846,1275,14,5
2025-11-29T18:00:09.762000+00:00,9846,1275,6,6
2025-11-29T18:00:09.762000+00:00,9846,1275,1,7
2025-11-29T18:00:09.762000+00:00,9846,1275,23,8
2025-11-29T18:00:09.762000+00:00,9846,1275,16,9
2025-11-29T18:00:09.762000+00:00,9846,1275,18,10
2025-11-29T18:00:09.762000+00:00,9846,1275,12,11
2025-11-29T18:00:09.762000+00:00,9846,1275,27,2
2025-11-29T18:00:17.289000+00:00,9846,1275,81,4
2025-11-29T18:00:17.289000+00:00,9846,1275,4,5
2025-11-29T18:00:17.289000+00:00,9846,1275,14,6
2025-11-29T18:00:17.289000+00:00,9846,1275,6,7
2025-11-29T18:00:17.289000+00:00,9846,1275,1,8
2025-11-29T18:00:17.289000+00:00,9846,1275,23,2
2025-11-29T18:00:17.289000+00:00,9846,1275,27,3
2025-11-29T18:00:25.049000+00:00,9846,1275,81,5
2025-11-29T18:00:25.049000+00:00,9846,1275,4,6
2025-11-29T18:00:25.049000+00:00,9846,1275,14,7
2025-11-29T18:00:25.049000+00:00,9846,1275,6,8
2025-11-29T18:00:25.049000+00:00,9846,1275,1,9
2025-11-29T18:00:25.049000+00:00,9846,1275,16,10
2025-11-29T18:00:25.049000+00:00,9846,1275,18,11
2025-11-29T18:00:25.049000+00:00,9846,1275,12,12
2025-11-29T18:00:25.049000+00:00,9846,1275,44,13
2025-11-29T18:00:25.049000+00:00,9846,1275,22,14
2025-11-29T18:00:25.049000+00:00,9846,1275,63,15
2025-11-29T18:00:25.049000+00:00,9846,1275,87,16
2025-11-29T18:00:25.049000+00:00,9846,1275,5,4
2025-11-29T18:00:32.221000+00:00,9846,1275,81,6
2025-11-29T18:00:32.221000+00:00,9846,1275,4,7
2025-11-29T18:00:32.221000+00:00,9846,1275,14,8
2025-11-29T18:00:32.221000+00:00,9846,1275,6,9
2025-11-29T18:00:32.221000+00:00,9846,1275,1,10
2025-11-29T18:00:32.221000+00:00,9846,1275,16,11
2025-11-29T18:00:32.221000+00:00,9846,1275,18,12
2025-11-29T18:00:32.221000+00:00,9846,1275,12,13
2025-11-29T18:00:32.221000+00:00,9846,1275,44,14
2025-11-29T18:00:32.221000+00:00,9846,1275,22,15
2025-11-29T18:00:32.221000+00:00,9846,1275,63,16
2025-11-29T18:00:32.221000+00:00,9846,1275,87,17
2025-11-29T18:00:32.221000+00:00,9846,1275,31,5
2025-11-29T18:00:39.690000+00:00,9846,1275,81,7
2025-11-29T18:00:39.690000+00:00,9846,1275,4,8
2025-11-29T18:00:39.690000+00:00,9846,1275,14,9
2025-11-29T18:00:39.690000+00:00,9846,1275,6,10
2025-11-29T18:00:39.690000+00:00,9846,1275,1,11
2025-11-29T18:00:39.690000+00:00,9846,1275,16,12
2025-11-29T18:00:39.690000+00:00,9846,1275,18,13
2025-11-29T18:00:39.690000+00:00,9846,1275,12,14
2025-11-29T18:00:39.690000+00:00,9846,1275,44,15
2025-11-29T18:00:39.690000+00:00,9846,1275,22,16
2025-11-29T18:00:39.690000+00:00,9846,1275,63,17
2025-11-29T18:00:39.690000+00:00,9846,1275,87,4
2025-11-29T18:00:39.690000+00:00,9846,1275,5,5
2025-11-29T18:00:39.690000+00:00,9846,1275,31,6
2025-11-29T18:00:47.877000+00:00,9846,1275,81,8
2025-11-29T18:00:47.877000+00:00,9846,1275,4,9
2025-11-29T18:00:47.877000+00:00,9846,1275,14,10
2025-11-29T18:00:47.877000+00:00,9846,1275,6,11
2025-11-29T18:00:47.877000+00:00,9846,1275,1,12
2025-11-29T18:00:47.877000+00:00,9846,1275,16,13
2025-11-29T18:00:47.877000+00:00,9846,1275,18,14
2025-11-29T18:00:47.877000+00:00,9846,1275,12,15
2025-11-29T18:00:47.877000+00:00,9846,1275,44,16
2025-11-29T18:00:47.877000+00:00,9846,1275,22,17
2025-11-29T18:00:47.877000+00:00,9846,1275,63,18
2025-11-29T18:00:47.877000+00:00,9846,1275,10,19
2025-11-29T18:00:47.877000+00:00,9846,1275,30,7
2025-11-29T18:00:58.799000+00:00,9846,1275,81,9
2025-11-29T18:00:58.799000+00:00,9846,1275,4,10
2025-11-29T18:00:58.799000+00:00,9846,1275,14,11
2025-11-29T18:00:58.799000+00:00,9846,1275,6,2
2025-11-29T18:00:58.799000+00:00,9846,1275,23,3
2025-11-29T18:00:58.799000+00:00,9846,1275,27,4
2025-11-29T18:00:58.799000+00:00,9846,1275,87,5
2025-11-29T18:00:58.799000+00:00,9846,1275,5,6
2025-11-29T18:00:58.799000+00:00,9846,1275,31,7
2025-11-29T18:00:58.799000+00:00,9846,1275,30,8
2025-11-29T18:01:03.815000+00:00,9846,1275,81,10
2025-11-29T18:01:03.815000+00:00,9846,1275,4,11
2025-11-29T18:01:03.815000+00:00,9846,1275,14,12
2025-11-29T18:01:03.815000+00:00,9846,1275,1,13
2025-11-29T18:01:03.815000+00:00,9846,1275,16,14
2025-11-29T18:01:03.815000+00:00,9846,1275,18,15
2025-11-29T18:01:03.815000+00:00,9846,1275,12,4
2025-11-29T18:01:03.815000+00:00,9846,1275,27,5
2025-11-29T18:01:03.815000+00:00,9846,1275,87,6
2025-11-29T18:01:03.815000+00:00,9846,1275,5,7
2025-11-29T18:01:03.815000+00:00,9846,1275,31,8
2025-11-29T18:01:03.815000+00:00,9846,1275,30,9
2025-11-29T18:01:06.268000+00:00,9846,1275,81,11
2025-11-29T18:01:06.268000+00:00,9846,1275,4,12
2025-11-29T18:01:06.268000+00:00,9846,1275,14,13
2025-11-29T18:01:06.268000+00:00,9846,1275,1,14
2025-11-29T18:01:06.268000+00:00,9846,1275,16,15
2025-11-29T18:01:06.268000+00:00,9846,1275,18,16
2025-11-29T18:01:06.268000+00:00,9846,1275,44,17
2025-11-29T18:01:06.268000+00:00,9846,1275,22,18
2025-11-29T18:01:06.268000+00:00,9846,1275,63,6
2025-11-29T18:01:06.268000+00:00,9846,1275,87,7
2025-11-29T18:01:06.268000+00:00,9846,1275,5,8
2025-11-29T18:01:06.268000+00:00,9846,1275,31,9
2025-11-29T18:01:06.268000+00:00,9846,1275,30,10
2025-11-29T18:01:15.783000+00:00,9846,1275,81,12
2025-11-29T18:01:15.783000+00:00,9846,1275,4,13
2025-11-29T18:01:15.783000+00:00,9846,1275,14,14
2025-11-29T18:01:15.783000+00:00,9846,1275,1,15
2025-11-29T18:01:15.783000+00:00,9846,1275,16,16
2025-11-29T18:01:15.783000+00:00,9846,1275,18,4
2025-11-29T18:01:15.783000+00:00,9846,1275,12,5
2025-11-29T18:01:15.783000+00:00,9846,1275,27,6
2025-11-29T18:01:15.783000+00:00,9846,1275,63,7
2025-11-29T18:01:15.783000+00:00,9846,1275,87,8
2025-11-29T18:01:15.783000+00:00,9846,1275,5,9
2025-11-29T18:01:15.783000+00:00,9846,1275,31,10
2025-11-29T18:01:15.783000+00:00,9846,1275,30,11
2025-11-29T18:01:22.502000+00:00,9846,1275,81,13
2025-11-29T18:01:22.502000+00:00,9846,1275,4,14
2025-11-29T18:01:22.502000+00:00,9846,1275,14,15
2025-11-29T18:01:22.502000+00:00,9846,1275,1,16
2025-11-29T18:01:22.502000+00:00,9846,1275,16,4
2025-11-29T18:01:22.502000+00:00,9846,1275,18,5
2025-11-29T18:01:22.502000+00:00,9846,1275,12,6
2025-11-29T18:01:22.502000+00:00,9846,1275,27,7
2025-11-29T18:01:22.502000+00:00,9846,1275,63,8
2025-11-29T18:01:22.502000+00:00,9846,1275,87,9
2025-11-29T18:01:22.502000+00:00,9846,1275,5,10
2025-11-29T18:01:22.502000+00:00,9846,1275,31,11
2025-11-29T18:01:22.502000+00:00,9846,1275,30,12
2025-11-29T18:01:28.971000+00:00,9846,1275,81,14
2025-11-29T18:01:28.971000+00:00,9846,1275,4,15
2025-11-29T18:01:28.971000+00:00,9846,1275,14,1
2025-11-29T18:01:28.971000+00:00,9846,1275,55,2
2025-11-29T18:01:28.971000+00:00,9846,1275,6,3
2025-11-29T18:01:28.971000+00:00,9846,1275,23,4
2025-11-29T18:01:28.971000+00:00,9846,1275,16,5
2025-11-29T18:01:28.971000+00:00,9846,1275,18,6
2025-11-29T18:01:28.971000+00:00,9846,1275,12,7
2025-11-29T18:01:28.971000+00:00,9846,1275,27,8
2025-11-29T18:01:28.971000+00:00,9846,1275,63,9
2025-11-29T18:01:28.971000+00:00,9846,1275,87,10
2025-11-29T18:01:28.971000+00:00,9846,1275,5,11
2025-11-29T18:01:28.971000+00:00,9846,1275,31,12
2025-11-29T18:01:28.971000+00:00,9846,1275,30,13
2025-11-29T18:01:34.721000+00:00,9846,1275,14,2
2025-11-29T18:01:34.721000+00:00,9846,1275,55,1
2025-11-29T18:01:39.012000+00:00,9846,1275,81,15
2025-11-29T18:01:39.012000+00:00,9846,1275,4,16
2025-11-29T18:01:39.012000+00:00,9846,1275,1,17
2025-11-29T18:01:39.012000+00:00,9846,1275,44,9
2025-11-29T18:01:39.012000+00:00,9846,1275,63,10
2025-11-29T18:01:39.012000+00:00,9846,1275,87,11
2025-11-29T18:01:39.012000+00:00,9846,1275,5,12
2025-11-29T18:01:39.012000+00:00,9846,1275,31,13
2025-11-29T18:01:39.012000+00:00,9846,1275,30,14
2025-11-29T18:01:42.087000+00:00,9846,1275,14,3
2025-11-29T18:01:42.087000+00:00,9846,1275,6,4
2025-11-29T18:01:42.087000+00:00,9846,1275,23,5
2025-11-29T18:01:42.087000+00:00,9846,1275,16,6
2025-11-29T18:01:42.087000+00:00,9846,1275,18,7
2025-11-29T18:01:42.087000+00:00,9846,1275,12,8
2025-11-29T18:01:42.087000+00:00,9846,1275,27,2
2025-11-29T18:01:47.650000+00:00,9846,1275,81,16
2025-11-29T18:01:47.650000+00:00,9846,1275,4,17
2025-11-29T18:01:47.650000+00:00,9846,1275,1,18
2025-11-29T18:01:47.650000+00:00,9846,1275,22,19
2025-11-29T18:01:47.650000+00:00,9846,1275,10,14
2025-11-29T18:01:47.650000+00:00,9846,1275,30,15
2025-11-29T18:01:48.922000+00:00,9846,1275,14,4
2025-11-29T18:01:48.922000+00:00,9846,1275,6,5
2025-11-29T18:01:48.922000+00:00,9846,1275,23,2
2025-11-29T18:01:48.922000+00:00,9846,1275,27,3
2025-11-29T18:01:53.956000+00:00,9846,1275,81,17
2025-11-29T18:01:53.956000+00:00,9846,1275,4,18
2025-11-29T18:01:53.956000+00:00,9846,1275,1,19
2025-11-29T18:01:53.956000+00:00,9846,1275,22,20
2025-11-29T18:01:53.956000+00:00,9846,1275,43,16
2025-11-29T18:01:55.629000+00:00,9846,1275,14,5
2025-11-29T18:01:55.629000+00:00,9846,1275,6,6
2025-11-29T18:01:55.629000+00:00,9846,1275,16,7
2025-11-29T18:01:55.629000+00:00,9846,1275,18,8
2025-11-29T18:01:55.629000+00:00,9846,1275,12,9
2025-11-29T18:01:55.629000+00:00,9846,1275,44,10
2025-11-29T18:01:55.629000+00:00,9846,1275,63,11
2025-11-29T18:01:55.629000+00:00,9846,1275,87,12
2025-11-29T18:01:55.629000+00:00,9846,1275,5,4
2025-11-29T18:02:05.962000+00:00,9846,1275,14,6
2025-11-29T18:02:05.962000+00:00,9846,1275,6,7
2025-11-29T18:02:05.962000+00:00,9846,1275,16,8
2025-11-29T18:02:05.962000+00:00,9846,1275,18,9
2025-11-29T18:02:05.962000+00:00,9846,1275,12,10
2025-11-29T18:02:05.962000+00:00,9846,1275,44,11
2025-11-29T18:02:05.962000+00:00,9846,1275,63,12
2025-11-29T18:02:05.962000+00:00,9846,1275,87,13
2025-11-29T18:02:05.962000+00:00,9846,1275,31,5
2025-11-29T18:02:06.102000+00:00,9846,1275,81,18
2025-11-29T18:02:06.102000+00:00,9846,1275,4,19
2025-11-29T18:02:06.102000+00:00,9846,1275,1,8
2025-11-29T18:02:06.102000+00:00,9846,1275,16,9
2025-11-29T18:02:06.102000+00:00,9846,1275,18,10
2025-11-29T18:02:06.102000+00:00,9846,1275,12,11
2025-11-29T18:02:06.102000+00:00,9846,1275,44,12
2025-11-29T18:02:06.102000+00:00,9846,1275,63,13
2025-11-29T18:02:06.102000+00:00,9846,1275,87,14
2025-11-29T18:02:06.102000+00:00,9846,1275,10,15
2025-11-29T18:02:06.102000+00:00,9846,1275,30,16
2025-11-29T18:02:06.102000+00:00,9846,1275,43,17
2025-11-29T18:02:12.165000+00:00,9846,1275,14,7
2025-11-29T18:02:12.165000+00:00,9846,1275,6,8
2025-11-29T18:02:12.165000+00:00,9846,1275,1,9
2025-11-29T18:02:12.165000+00:00,9846,1275,16,10
2025-11-29T18:02:12.165000+00:00,9846,1275,18,11
2025-11-29T18:02:12.165000+00:00,9846,1275,12,12
2025-11-29T18:02:12.165000+00:00,9846,1275,44,13
2025-11-29T18:02:12.165000+00:00,9846,1275,63,14
2025-11-29T18:02:12.165000+00:00,9846,1275,87,4
2025-11-29T18:02:12.165000+00:00,9846,1275,5,5
2025-11-29T18:02:12.165000+00:00,9846,1275,31,6
2025-11-29T18:02:16.149000+00:00,9846,1275,81,19
2025-11-29T18:02:16.149000+00:00,9846,1275,4,20
2025-11-29T18:02:16.149000+00:00,9846,1275,22,14
2025-11-29T18:02:16.149000+00:00,9846,1275,63,15
2025-11-29T18:02:16.149000+00:00,9846,1275,10,16
2025-11-29T18:02:16.149000+00:00,9846,1275,30,17
2025-11-29T18:02:16.149000+00:00,9846,1275,43,18
2025-11-29T18:02:20.556000+00:00,9846,1275,14,8
2025-11-29T18:02:20.556000+00:00,9846,1275,6,9
2025-11-29T18:02:20.556000+00:00,9846,1275,1,10
2025-11-29T18:02:20.556000+00:00,9846,1275,16,11
2025-11-29T18:02:20.556000+00:00,9846,1275,18,12
2025-11-29T18:02:20.556000+00:00,9846,1275,12,13
2025-11-29T18:02:20.556000+00:00,9846,1275,44,14
2025-11-29T18:02:20.556000+00:00,9846,1275,22,15
2025-11-29T18:02:20.556000+00:00,9846,1275,63,16
2025-11-29T18:02:20.556000+00:00,9846,1275,10,17
2025-11-29T18:02:20.556000+00:00,9846,1275,30,7
2025-11-29T18:02:25.946000+00:00,9846,1275,81,20
2025-11-29T18:02:25.946000+00:00,9846,1275,4,8
2025-11-29T18:02:25.946000+00:00,9846,1275,14,9
2025-11-29T18:02:25.946000+00:00,9846,1275,6,10
2025-11-29T18:02:25.946000+00:00,9846,1275,1,11
2025-11-29T18:02:25.946000+00:00,9846,1275,16,12
2025-11-29T18:02:25.946000+00:00,9846,1275,18,13
2025-11-29T18:02:25.946000+00:00,9846,1275,12,14
2025-11-29T18:02:25.946000+00:00,9846,1275,44,15
2025-11-29T18:02:25.946000+00:00,9846,1275,22,16
2025-11-29T18:02:25.946000+00:00,9846,1275,63,17
2025-11-29T18:02:25.946000+00:00,9846,1275,10,18
2025-11-29T18:02:25.946000+00:00,9846,1275,43,19
2025-11-29T18:02:28.165000+00:00,9846,1275,4,9
2025-11-29T18:02:28.165000+00:00,9846,1275,14,10
2025-11-29T18:02:28.165000+00:00,9846,1275,6,2
2025-11-29T18:02:28.165000+00:00,9846,1275,23,3
2025-11-29T18:02:28.165000+00:00,9846,1275,27,4
2025-11-29T18:02:28.165000+00:00,9846,1275,87,5
2025-11-29T18:02:28.165000+00:00,9846,1275,5,6
2025-11-29T18:02:28.165000+00:00,9846,1275,31,7
2025-11-29T18:02:28.165000+00:00,9846,1275,30,8
2025-11-29T18:02:38.118000+00:00,9846,1275,4,10
2025-11-29T18:02:38.118000+00:00,9846,1275,14,11
2025-11-29T18:02:38.118000+00:00,9846,1275,1,12
2025-11-29T18:02:38.118000+00:00,9846,1275,16,13
2025-11-29T18:02:38.118000+00:00,9846,1275,18,14
2025-11-29T18:02:38.118000+00:00,9846,1275,12,4
2025-11-29T18:02:38.118000+00:00,9846,1275,27,5
2025-11-29T18:02:38.118000+00:00,9846,1275,87,6
2025-11-29T18:02:38.118000+00:00,9846,1275,5,7
2025-11-29T18:02:38.118000+00:00,9846,1275,31,8
2025-11-29T18:02:38.118000+00:00,9846,1275,30,9
2025-11-29T18:02:41.165000+00:00,9846,1275,4,11
2025-11-29T18:02:41.165000+00:00,9846,1275,14,12
2025-11-29T18:02:41.165000+00:00,9846,1275,1,13
2025-11-29T18:02:41.165000+00:00,9846,1275,16,14
2025-11-29T18:02:41.165000+00:00,9846,1275,18,15
2025-11-29T18:02:41.165000+00:00,9846,1275,44,16
2025-11-29T18:02:41.165000+00:00,9846,1275,22,17
2025-11-29T18:02:41.165000+00:00,9846,1275,63,6
2025-11-29T18:02:41.165000+00:00,9846,1275,87,7
2025-11-29T18:02:41.165000+00:00,9846,1275,5,8
2025-11-29T18:02:41.165000+00:00,9846,1275,31,9
2025-11-29T18:02:41.165000+00:00,9846,1275,30,10
2025-11-29T18:02:43.712000+00:00,9846,1275,81,11
2025-11-29T18:02:43.712000+00:00,9846,1275,4,12
2025-11-29T18:02:43.712000+00:00,9846,1275,14,13
2025-11-29T18:02:43.712000+00:00,9846,1275,1,14
2025-11-29T18:02:43.712000+00:00,9846,1275,16,15
2025-11-29T18:02:43.712000+00:00,9846,1275,18,16
2025-11-29T18:02:43.712000+00:00,9846,1275,44,17
2025-11-29T18:02:43.712000+00:00,9846,1275,22,18
2025-11-29T18:02:43.712000+00:00,9846,1275,10,19
2025-11-29T18:02:43.712000+00:00,9846,1275,43,20
2025-11-29T18:02:46.915000+00:00,9846,1275,81,12
2025-11-29T18:02:46.915000+00:00,9846,1275,4,13
2025-11-29T18:02:46.915000+00:00,9846,1275,14,14
2025-11-29T18:02:46.915000+00:00,9846,1275,1,15
2025-11-29T18:02:46.915000+00:00,9846,1275,16,16
2025-11-29T18:02:46.915000+00:00,9846,1275,18,4
2025-11-29T18:02:46.915000+00:00,9846,1275,12,5
2025-11-29T18:02:46.915000+00:00,9846,1275,27,6
2025-11-29T18:02:46.915000+00:00,9846,1275,63,7
2025-11-29T18:02:46.915000+00:00,9846,1275,87,8
2025-11-29T18:02:46.915000+00:00,9846,1275,5,9
2025-11-29T18:02:46.915000+00:00,9846,1275,31,10
2025-11-29T18:02:46.915000+00:00,9846,1275,30,11
2025-11-29T18:02:59.243000+00:00,9846,1275,81,13
2025-11-29T18:02:59.243000+00:00,9846,1275,4,14
2025-11-29T18:02:59.243000+00:00,9846,1275,14,15
2025-11-29T18:02:59.243000+00:00,9846,1275,1,16
2025-11-29T18:02:59.243000+00:00,9846,1275,16,4
2025-11-29T18:02:59.243000+00:00,9846,1275,18,5
2025-11-29T18:02:59.243000+00:00,9846,1275,12,6
2025-11-29T18:02:59.243000+00:00,9846,1275,27,7
2025-11-29T18:02:59.243000+00:00,9846,1275,63,8
2025-11-29T18:02:59.243000+00:00,9846,1275,87,9
2025-11-29T18:02:59.243000+00:00,9846,1275,5,10
2025-11-29T18:02:59.243000+00:00,9846,1275,31,11
2025-11-29T18:02:59.243000+00:00,9846,1275,30,12
2025-11-29T18:03:04.571000+00:00,9846,1275,6,3
2025-11-29T18:03:04.571000+00:00,9846,1275,23,4
2025-11-29T18:03:04.571000+00:00,9846,1275,16,5
2025-11-29T18:03:04.571000+00:00,9846,1275,18,6
2025-11-29T18:03:04.571000+00:00,9846,1275,12,7
2025-11-29T18:03:04.571000+00:00,9846,1275,27,2
2025-11-29T18:03:05.524000+00:00,9846,1275,81,14
2025-11-29T18:03:05.524000+00:00,9846,1275,4,15
2025-11-29T18:03:05.524000+00:00,9846,1275,14,3
2025-11-29T18:03:05.524000+00:00,9846,1275,6,4
2025-11-29T18:03:05.524000+00:00,9846,1275,23,5
2025-11-29T18:03:05.524000+00:00,9846,1275,16,6
2025-11-29T18:03:05.524000+00:00,9846,1275,18,7
2025-11-29T18:03:05.524000+00:00,9846,1275,12,8
2025-11-29T18:03:05.524000+00:00,9846,1275,63,9
2025-11-29T18:03:05.524000+00:00,9846,1275,87,10
2025-11-29T18:03:05.524000+00:00,9846,1275,5,11
2025-11-29T18:03:05.524000+00:00,9846,1275,31,12
2025-11-29T18:03:05.524000+00:00,9846,1275,30,13
2025-11-29T18:03:11.431000+00:00,9846,1275,14,4
2025-11-29T18:03:11.431000+00:00,9846,1275,6,5
2025-11-29T18:03:11.431000+00:00,9846,1275,23,2
2025-11-29T18:03:11.431000+00:00,9846,1275,27,3
2025-11-29T18:03:17.716000+00:00,9846,1275,14,5
2025-11-29T18:03:17.716000+00:00,9846,1275,55,2
2025-11-29T18:03:17.716000+00:00,9846,1275,6,6
2025-11-29T18:03:17.716000+00:00,9846,1275,23,3
2025-11-29T18:03:17.716000+00:00,9846,1275,16,7
2025-11-29T18:03:17.716000+00:00,9846,1275,18,8
2025-11-29T18:03:17.716000+00:00,9846,1275,12,9
2025-11-29T18:03:17.716000+00:00,9846,1275,27,4
2025-11-29T18:03:17.716000+00:00,9846,1275,63,10
2025-11-29T18:03:17.716000+00:00,9846,1275,87,11
2025-11-29T18:03:17.716000+00:00,9846,1275,5,1
2025-11-29T18:03:24.956000+00:00,9846,1275,81,15
2025-11-29T18:03:24.956000+00:00,9846,1275,4,16
2025-11-29T18:03:24.956000+00:00,9846,1275,1,17
2025-11-29T18:03:24.956000+00:00,9846,1275,44,10
2025-11-29T18:03:24.956000+00:00,9846,1275,63,11
2025-11-29T18:03:24.956000+00:00,9846,1275,87,12
2025-11-29T18:03:24.956000+00:00,9846,1275,31,13
2025-11-29T18:03:24.956000+00:00,9846,1275,30,14
2025-11-29T18:03:27.987000+00:00,9846,1275,14,6
2025-11-29T18:03:27.987000+00:00,9846,1275,55,3
2025-11-29T18:03:27.987000+00:00,9846,1275,6,7
2025-11-29T18:03:27.987000+00:00,9846,1275,23,4
2025-11-29T18:03:27.987000+00:00,9846,1275,16,8
2025-11-29T18:03:27.987000+00:00,9846,1275,18,9
2025-11-29T18:03:27.987000+00:00,9846,1275,12,10
2025-11-29T18:03:27.987000+00:00,9846,1275,27,5
2025-11-29T18:03:27.987000+00:00,9846,1275,44,11
2025-11-29T18:03:27.987000+00:00,9846,1275,63,12
2025-11-29T18:03:27.987000+00:00,9846,1275,87,13
2025-11-29T18:03:27.987000+00:00,9846,1275,31,2
2025-11-29T18:03:31.722000+00:00,9846,1275,81,16
2025-11-29T18:03:31.722000+00:00,9846,1275,4,17
2025-11-29T18:03:31.722000+00:00,9846,1275,1,18
2025-11-29T18:03:31.722000+00:00,9846,1275,22,19
2025-11-29T18:03:31.722000+00:00,9846,1275,10,14
2025-11-29T18:03:31.722000+00:00,9846,1275,30,15
2025-11-29T18:03:33.800000+00:00,9846,1275,14,7
2025-11-29T18:03:33.800000+00:00,9846,1275,55,4
2025-11-29T18:03:33.800000+00:00,9846,1275,6,8
2025-11-29T18:03:33.800000+00:00,9846,1275,23,5
2025-11-29T18:03:33.800000+00:00,9846,1275,16,9
2025-11-29T18:03:33.800000+00:00,9846,1275,18,10
2025-11-29T18:03:33.800000+00:00,9846,1275,12,11
2025-11-29T18:03:33.800000+00:00,9846,1275,27,6
2025-11-29T18:03:33.800000+00:00,9846,1275,44,12
2025-11-29T18:03:33.800000+00:00,9846,1275,63,13
2025-11-29T18:03:33.800000+00:00,9846,1275,87,1
2025-11-29T18:03:33.800000+00:00,9846,1275,5,2
2025-11-29T18:03:33.800000+00:00,9846,1275,31,3
2025-11-29T18:03:37.987000+00:00,9846,1275,81,17
2025-11-29T18:03:37.987000+00:00,9846,1275,4,18
2025-11-29T18:03:37.987000+00:00,9846,1275,1,9
2025-11-29T18:03:37.987000+00:00,9846,1275,16,10
2025-11-29T18:03:37.987000+00:00,9846,1275,18,11
2025-11-29T18:03:37.987000+00:00,9846,1275,12,12
2025-11-29T18:03:37.987000+00:00,9846,1275,44,13
2025-11-29T18:03:37.987000+00:00,9846,1275,63,14
2025-11-29T18:03:37.987000+00:00,9846,1275,10,15
2025-11-29T18:03:37.987000+00:00,9846,1275,30,16
2025-11-29T18:03:42.003000+00:00,9846,1275,14,6
2025-11-29T18:03:42.003000+00:00,9846,1275,6,7
2025-11-29T18:03:42.003000+00:00,9846,1275,1,8
2025-11-29T18:03:42.003000+00:00,9846,1275,23,9
2025-11-29T18:03:42.003000+00:00,9846,1275,27,5
2025-11-29T18:03:42.222000+00:00,9846,1275,14,7
2025-11-29T18:03:42.222000+00:00,9846,1275,55,5
2025-11-29T18:03:42.222000+00:00,9846,1275,6,8
2025-11-29T18:03:42.222000+00:00,9846,1275,1,9
2025-11-29T18:03:42.222000+00:00,9846,1275,23,10
2025-11-29T18:03:42.222000+00:00,9846,1275,16,11
2025-11-29T18:03:42.222000+00:00,9846,1275,18,12
2025-11-29T18:03:42.222000+00:00,9846,1275,12,13
2025-11-29T18:03:42.222000+00:00,9846,1275,27,6
2025-11-29T18:03:42.222000+00:00,9846,1275,44,14
2025-11-29T18:03:42.222000+00:00,9846,1275,63,15
2025-11-29T18:03:42.222000+00:00,9846,1275,5,3
2025-11-29T18:03:42.222000+00:00,9846,1275,31,4
2025-11-29T18:03:42.222000+00:00,9846,1275,10,16
2025-11-29T18:03:42.222000+00:00,9846,1275,30,2
2025-11-29T18:03:43.644000+00:00,9846,1275,81,18
2025-11-29T18:03:43.644000+00:00,9846,1275,4,19
2025-11-29T18:03:43.644000+00:00,9846,1275,22,20
2025-11-29T18:03:43.644000+00:00,9846,1275,43,17
2025-11-29T18:03:49.565000+00:00,9846,1275,14,8
2025-11-29T18:03:49.565000+00:00,9846,1275,55,6
2025-11-29T18:03:49.565000+00:00,9846,1275,6,1
2025-11-29T18:03:49.565000+00:00,9846,1275,27,7
2025-11-29T18:03:49.565000+00:00,9846,1275,87,2
2025-11-29T18:03:49.565000+00:00,9846,1275,5,4
2025-11-29T18:03:49.565000+00:00,9846,1275,31,5
2025-11-29T18:03:49.565000+00:00,9846,1275,30,3
2025-11-29T18:03:50.300000+00:00,9846,1275,81,19
2025-11-29T18:03:50.300000+00:00,9846,1275,4,20
2025-11-29T18:03:50.300000+00:00,9846,1275,22,15
2025-11-29T18:03:50.300000+00:00,9846,1275,63,16
2025-11-29T18:03:50.300000+00:00,9846,1275,10,17
2025-11-29T18:03:50.300000+00:00,9846,1275,43,18
2025-11-29T18:03:59.191000+00:00,9846,1275,81,20
2025-11-29T18:03:59.191000+00:00,9846,1275,4,8
2025-11-29T18:03:59.191000+00:00,9846,1275,14,9
2025-11-29T18:03:59.191000+00:00,9846,1275,1,10
2025-11-29T18:03:59.191000+00:00,9846,1275,23,11
2025-11-29T18:03:59.191000+00:00,9846,1275,16,12
2025-11-29T18:03:59.191000+00:00,9846,1275,18,13
2025-11-29T18:03:59.191000+00:00,9846,1275,12,14
2025-11-29T18:03:59.191000+00:00,9846,1275,44,15
2025-11-29T18:03:59.191000+00:00,9846,1275,22,16
2025-11-29T18:03:59.191000+00:00,9846,1275,63,17
2025-11-29T18:03:59.191000+00:00,9846,1275,10,18
2025-11-29T18:03:59.191000+00:00,9846,1275,43,19
2025-11-29T18:04:09.043000+00:00,9846,1275,4,9
2025-11-29T18:04:09.043000+00:00,9846,1275,14,10
2025-11-29T18:04:09.043000+00:00,9846,1275,55,7
2025-11-29T18:04:09.043000+00:00,9846,1275,1,11
2025-11-29T18:04:09.043000+00:00,9846,1275,23,12
2025-11-29T18:04:09.043000+00:00,9846,1275,16,13
2025-11-29T18:04:09.043000+00:00,9846,1275,18,6
2025-11-29T18:04:09.043000+00:00,9846,1275,27,8
2025-11-29T18:04:12.069000+00:00,9846,1275,4,10
2025-11-29T18:04:12.069000+00:00,9846,1275,14,11
2025-11-29T18:04:12.069000+00:00,9846,1275,1,12
2025-11-29T18:04:12.069000+00:00,9846,1275,23,13
2025-11-29T18:04:12.069000+00:00,9846,1275,16,14
2025-11-29T18:04:12.069000+00:00,9846,1275,12,9
2025-11-29T18:04:18.803000+00:00,9846,1275,4,11
2025-11-29T18:04:18.803000+00:00,9846,1275,14,12
2025-11-29T18:04:18.803000+00:00,9846,1275,1,13
2025-11-29T18:04:18.803000+00:00,9846,1275,23,14
2025-11-29T18:04:18.803000+00:00,9846,1275,16,15
2025-11-29T18:04:18.803000+00:00,9846,1275,44,16
2025-11-29T18:04:18.803000+00:00,9846,1275,22,17
2025-11-29T18:04:18.803000+00:00,9846,1275,63,10
2025-11-29T18:04:21.256000+00:00,9846,1275,4,12
2025-11-29T18:04:21.256000+00:00,9846,1275,14,13
2025-11-29T18:04:21.256000+00:00,9846,1275,55,8
2025-11-29T18:04:21.256000+00:00,9846,1275,1,14
2025-11-29T18:04:21.256000+00:00,9846,1275,23,15
2025-11-29T18:04:21.256000+00:00,9846,1275,16,4
2025-11-29T18:04:21.256000+00:00,9846,1275,18,7
2025-11-29T18:04:21.256000+00:00,9846,1275,12,10
2025-11-29T18:04:21.256000+00:00,9846,1275,27,9
2025-11-29T18:04:21.256000+00:00,9846,1275,63,11
2025-11-29T18:04:21.256000+00:00,9846,1275,5,5
2025-11-29T18:04:21.256000+00:00,9846,1275,31,6
2025-11-29T18:04:26.756000+00:00,9846,1275,4,13
2025-11-29T18:04:26.756000+00:00,9846,1275,14,1
2025-11-29T18:04:26.756000+00:00,9846,1275,55,9
2025-11-29T18:04:26.756000+00:00,9846,1275,6,2
2025-11-29T18:04:26.756000+00:00,9846,1275,16,5
2025-11-29T18:04:26.756000+00:00,9846,1275,18,8
2025-11-29T18:04:26.756000+00:00,9846,1275,12,11
2025-11-29T18:04:26.756000+00:00,9846,1275,27,10
2025-11-29T18:04:26.756000+00:00,9846,1275,63,12
2025-11-29T18:04:26.756000+00:00,9846,1275,87,3
2025-11-29T18:04:26.756000+00:00,9846,1275,5,6
2025-11-29T18:04:26.756000+00:00,9846,1275,31,7
2025-11-29T18:04:26.756000+00:00,9846,1275,30,4
2025-11-29T18:04:29.756000+00:00,9846,1275,81,13
2025-11-29T18:04:29.756000+00:00,9846,1275,4,14
2025-11-29T18:04:29.756000+00:00,9846,1275,1,15
2025-11-29T18:04:29.756000+00:00,9846,1275,23,16
2025-11-29T18:04:29.756000+00:00,9846,1275,44,17
2025-11-29T18:04:29.756000+00:00,9846,1275,22,18
2025-11-29T18:04:29.756000+00:00,9846,1275,10,19
2025-11-29T18:04:29.756000+00:00,9846,1275,43,20
2025-11-29T18:04:47.394000+00:00,9846,1275,81,14
2025-11-29T18:04:47.394000+00:00,9846,1275,4,15
2025-11-29T18:04:47.394000+00:00,9846,1275,55,10
2025-11-29T18:04:47.394000+00:00,9846,1275,1,16
2025-11-29T18:04:47.394000+00:00,9846,1275,23,17
2025-11-29T18:04:47.394000+00:00,9846,1275,12,12
2025-11-29T18:04:47.394000+00:00,9846,1275,27,11
2025-11-29T18:04:47.394000+00:00,9846,1275,44,9
2025-11-29T18:04:47.394000+00:00,9846,1275,63,13
2025-11-29T18:04:53.794000+00:00,9846,1275,81,15
2025-11-29T18:04:53.794000+00:00,9846,1275,4,16
2025-11-29T18:04:53.794000+00:00,9846,1275,55,11
2025-11-29T18:04:53.794000+00:00,9846,1275,1,17
2025-11-29T18:04:53.794000+00:00,9846,1275,23,18
2025-11-29T18:04:53.794000+00:00,9846,1275,18,9
2025-11-29T18:04:53.794000+00:00,9846,1275,12,13
2025-11-29T18:04:53.794000+00:00,9846,1275,27,12
2025-11-29T18:04:53.794000+00:00,9846,1275,44,10
2025-11-29T18:04:53.794000+00:00,9846,1275,22,19
2025-11-29T18:04:53.794000+00:00,9846,1275,63,14
2025-11-29T18:04:53.794000+00:00,9846,1275,31,8
2025-11-29T18:04:53.794000+00:00,9846,1275,10,7
2025-11-29T18:04:59.106000+00:00,9846,1275,81,16
2025-11-29T18:04:59.106000+00:00,9846,1275,4,17
2025-11-29T18:04:59.106000+00:00,9846,1275,55,12
2025-11-29T18:04:59.106000+00:00,9846,1275,6,3
2025-11-29T18:04:59.106000+00:00,9846,1275,1,2
2025-11-29T18:04:59.106000+00:00,9846,1275,16,6
2025-11-29T18:04:59.106000+00:00,9846,1275,18,10
2025-11-29T18:04:59.106000+00:00,9846,1275,12,14
2025-11-29T18:04:59.106000+00:00,9846,1275,27,13
2025-11-29T18:04:59.106000+00:00,9846,1275,44,11
2025-11-29T18:04:59.106000+00:00,9846,1275,63,15
2025-11-29T18:04:59.106000+00:00,9846,1275,87,4
2025-11-29T18:04:59.106000+00:00,9846,1275,5,7
2025-11-29T18:04:59.106000+00:00,9846,1275,31,9
2025-11-29T18:04:59.106000+00:00,9846,1275,10,8
2025-11-29T18:04:59.106000+00:00,9846,1275,30,5
2025-11-29T18:05:05.794000+00:00,9846,1275,81,17
2025-11-29T18:05:05.794000+00:00,9846,1275,4,18
2025-11-29T18:05:05.794000+00:00,9846,1275,55,13
2025-11-29T18:05:05.794000+00:00,9846,1275,23,19
2025-11-29T18:05:05.794000+00:00,9846,1275,18,11
2025-11-29T18:05:05.794000+00:00,9846,1275,12,15
2025-11-29T18:05:05.794000+00:00,9846,1275,27,14
2025-11-29T18:05:05.794000+00:00,9846,1275,44,12
2025-11-29T18:05:05.794000+00:00,9846,1275,22,20
2025-11-29T18:05:05.794000+00:00,9846,1275,63,16
2025-11-29T18:05:05.794000+00:00,9846,1275,43,10
2025-11-29T18:05:11.700000+00:00,9846,1275,81,18
2025-11-29T18:05:11.700000+00:00,9846,1275,4,19
2025-11-29T18:05:11.700000+00:00,9846,1275,55,14
2025-11-29T18:05:11.700000+00:00,9846,1275,6,4
2025-11-29T18:05:11.700000+00:00,9846,1275,23,20
2025-11-29T18:05:11.700000+00:00,9846,1275,16,7
2025-11-29T18:05:11.700000+00:00,9846,1275,18,12
2025-11-29T18:05:11.700000+00:00,9846,1275,12,16
2025-11-29T18:05:11.700000+00:00,9846,1275,27,15
2025-11-29T18:05:11.700000+00:00,9846,1275,44,13
2025-11-29T18:05:11.700000+00:00,9846,1275,22,3
2025-11-29T18:05:11.700000+00:00,9846,1275,63,17
2025-11-29T18:05:11.700000+00:00,9846,1275,87,5
2025-11-29T18:05:11.700000+00:00,9846,1275,5,8
2025-11-29T18:05:11.700000+00:00,9846,1275,31,10
2025-11-29T18:05:11.700000+00:00,9846,1275,10,9
2025-11-29T18:05:11.700000+00:00,9846,1275,30,6
2025-11-29T18:05:11.700000+00:00,9846,1275,43,11
2025-11-29T18:05:20.786000+00:00,9846,1275,81,19
2025-11-29T18:05:20.786000+00:00,9846,1275,4,5
2025-11-29T18:05:20.786000+00:00,9846,1275,55,15
2025-11-29T18:05:20.786000+00:00,9846,1275,16,8
2025-11-29T18:05:20.786000+00:00,9846,1275,18,13
2025-11-29T18:05:20.786000+00:00,9846,1275,12,17
2025-11-29T18:05:20.786000+00:00,9846,1275,27,16
2025-11-29T18:05:20.786000+00:00,9846,1275,44,14
2025-11-29T18:05:20.786000+00:00,9846,1275,63,18
2025-11-29T18:05:20.786000+00:00,9846,1275,87,6
2025-11-29T18:05:20.786000+00:00,9846,1275,5,9
2025-11-29T18:05:20.786000+00:00,9846,1275,31,11
2025-11-29T18:05:20.786000+00:00,9846,1275,10,10
2025-11-29T18:05:20.786000+00:00,9846,1275,30,7
2025-11-29T18:05:20.786000+00:00,9846,1275,43,12
2025-11-29T18:05:21.290000+00:00,9846,1275,81,20
2025-11-29T18:05:21.290000+00:00,9846,1275,23,19
2025-11-29T18:05:33.522000+00:00,9846,1275,4,6
2025-11-29T18:05:33.522000+00:00,9846,1275,55,16
2025-11-29T18:05:33.522000+00:00,9846,1275,6,5
2025-11-29T18:05:33.522000+00:00,9846,1275,16,9
2025-11-29T18:05:33.522000+00:00,9846,1275,18,14
2025-11-29T18:05:33.522000+00:00,9846,1275,12,4
2025-11-29T18:05:33.522000+00:00,9846,1275,27,17
2025-11-29T18:05:33.522000+00:00,9846,1275,44,15
2025-11-29T18:05:33.522000+00:00,9846,1275,87,7
2025-11-29T18:05:33.522000+00:00,9846,1275,5,10
2025-11-29T18:05:33.522000+00:00,9846,1275,31,12
2025-11-29T18:05:33.522000+00:00,9846,1275,10,11
2025-11-29T18:05:33.522000+00:00,9846,1275,30,8
2025-11-29T18:05:33.522000+00:00,9846,1275,43,13
2025-11-29T18:05:39.844000+00:00,9846,1275,4,7
2025-11-29T18:05:39.844000+00:00,9846,1275,14,2
2025-11-29T18:05:39.844000+00:00,9846,1275,55,17
2025-11-29T18:05:39.844000+00:00,9846,1275,6,6
2025-11-29T18:05:39.844000+00:00,9846,1275,1,3
2025-11-29T18:05:39.844000+00:00,9846,1275,16,10
2025-11-29T18:05:39.844000+00:00,9846,1275,18,15
2025-11-29T18:05:39.844000+00:00,9846,1275,12,5
2025-11-29T18:05:39.844000+00:00,9846,1275,27,18
2025-11-29T18:05:39.844000+00:00,9846,1275,44,16
2025-11-29T18:05:39.844000+00:00,9846,1275,22,4
2025-11-29T18:05:39.844000+00:00,9846,1275,63,1
2025-11-29T18:05:39.844000+00:00,9846,1275,87,8
2025-11-29T18:05:39.844000+00:00,9846,1275,5,11
2025-11-29T18:05:39.844000+00:00,9846,1275,31,13
2025-11-29T18:05:39.844000+00:00,9846,1275,10,12
2025-11-29T18:05:39.844000+00:00,9846,1275,30,9
2025-11-29T18:05:39.844000+00:00,9846,1275,43,14
2025-11-29T18:05:50.590000+00:00,9846,1275,81,1
2025-11-29T18:05:50.590000+00:00,9846,1275,4,8
2025-11-29T18:05:50.590000+00:00,9846,1275,14,3
2025-11-29T18:05:50.590000+00:00,9846,1275,55,18
2025-11-29T18:05:50.590000+00:00,9846,1275,6,7
2025-11-29T18:05:50.590000+00:00,9846,1275,1,4
2025-11-29T18:05:50.590000+00:00,9846,1275,23,20
2025-11-29T18:05:50.590000+00:00,9846,1275,16,11
2025-11-29T18:05:50.590000+00:00,9846,1275,18,16
2025-11-29T18:05:50.590000+00:00,9846,1275,12,6
2025-11-29T18:05:50.590000+00:00,9846,1275,27,19
2025-11-29T18:05:50.590000+00:00,9846,1275,44,17
2025-11-29T18:05:50.590000+00:00,9846,1275,22,5
2025-11-29T18:05:50.590000+00:00,9846,1275,63,2
2025-11-29T18:05:50.590000+00:00,9846,1275,87,9
2025-11-29T18:05:50.590000+00:00,9846,1275,5,12
2025-11-29T18:05:50.590000+00:00,9846,1275,31,14
2025-11-29T18:05:50.590000+00:00,9846,1275,10,13
2025-11-29T18:05:50.590000+00:00,9846,1275,30,10
2025-11-29T18:05:50.590000+00:00,9846,1275,43,15
2025-11-29T18:06:06.976000+00:00,9846,1275,55,17
2025-11-29T18:06:06.976000+00:00,9846,1275,23,19
2025-11-29T18:06:06.976000+00:00,9846,1275,18,15
2025-11-29T18:06:06.976000+00:00,9846,1275,27,18
2025-11-29T18:06:06.976000+00:00,9846,1275,44,16
2025-11-29T18:06:06.976000+00:00,9846,1275,43,20
2025-11-29T18:06:22.038000+00:00,9846,1275,55,11
2025-11-29T18:06:22.038000+00:00,9846,1275,16,12
2025-11-29T18:06:22.038000+00:00,9846,1275,18,16
2025-11-29T18:06:22.038000+00:00,9846,1275,44,17
2025-11-29T18:06:22.038000+00:00,9846,1275,5,13
2025-11-29T18:06:22.038000+00:00,9846,1275,31,15
2025-11-29T18:06:22.038000+00:00,9846,1275,10,14
2025-11-29T18:06:28.390000+00:00,9846,1275,55,12
2025-11-29T18:06:28.390000+00:00,9846,1275,16,13
2025-11-29T18:06:28.390000+00:00,9846,1275,18,17
2025-11-29T18:06:28.390000+00:00,9846,1275,27,9
2025-11-29T18:06:28.390000+00:00,9846,1275,44,18
2025-11-29T18:06:28.390000+00:00,9846,1275,87,10
2025-11-29T18:06:28.390000+00:00,9846,1275,5,14
2025-11-29T18:06:28.390000+00:00,9846,1275,31,16
2025-11-29T18:06:28.390000+00:00,9846,1275,10,15
2025-11-29T18:06:28.390000+00:00,9846,1275,30,11
2025-11-29T18:06:42.998000+00:00,9846,1275,55,13
2025-11-29T18:06:42.998000+00:00,9846,1275,23,12
2025-11-29T18:06:42.998000+00:00,9846,1275,16,14
2025-11-29T18:06:42.998000+00:00,9846,1275,18,18
2025-11-29T18:06:42.998000+00:00,9846,1275,44,19
2025-11-29T18:06:42.998000+00:00,9846,1275,5,15
2025-11-29T18:06:42.998000+00:00,9846,1275,31,17
2025-11-29T18:06:42.998000+00:00,9846,1275,10,16
2025-11-29T18:06:52.201000+00:00,9846,1275,4,9
2025-11-29T18:06:52.201000+00:00,9846,1275,55,14
2025-11-29T18:06:52.201000+00:00,9846,1275,6,8
2025-11-29T18:06:52.201000+00:00,9846,1275,23,13
2025-11-29T18:06:52.201000+00:00,9846,1275,16,15
2025-11-29T18:06:52.201000+00:00,9846,1275,27,10
2025-11-29T18:06:52.201000+00:00,9846,1275,87,11
2025-11-29T18:06:52.201000+00:00,9846,1275,5,7
2025-11-29T18:06:52.201000+00:00,9846,1275,30,12
2025-11-29T18:06:57.576000+00:00,9846,1275,16,16
2025-11-29T18:06:57.576000+00:00,9846,1275,31,15
2025-11-29T18:06:57.576000+00:00,9846,1275,10,17
2025-11-29T18:07:02.639000+00:00,9846,1275,4,10
2025-11-29T18:07:02.639000+00:00,9846,1275,6,9
2025-11-29T18:07:02.639000+00:00,9846,1275,12,7
2025-11-29T18:07:02.639000+00:00,9846,1275,27,11
2025-11-29T18:07:02.639000+00:00,9846,1275,22,6
2025-11-29T18:07:02.639000+00:00,9846,1275,87,5
2025-11-29T18:07:02.639000+00:00,9846,1275,5,8
2025-11-29T18:07:27.191000+00:00,9846,1275,16,15
2025-11-29T18:07:27.191000+00:00,9846,1275,31,17
2025-11-29T18:07:27.191000+00:00,9846,1275,10,16
2025-11-29T18:07:31.312000+00:00,9846,1275,4,11
2025-11-29T18:07:31.312000+00:00,9846,1275,55,15
2025-11-29T18:07:31.312000+00:00,9846,1275,6,10
2025-11-29T18:07:31.312000+00:00,9846,1275,23,14
2025-11-29T18:07:31.312000+00:00,9846,1275,16,16
2025-11-29T18:07:31.312000+00:00,9846,1275,18,9
2025-11-29T18:07:31.312000+00:00,9846,1275,27,12
2025-11-29T18:07:31.312000+00:00,9846,1275,31,18
2025-11-29T18:07:31.312000+00:00,9846,1275,10,17
2025-11-29T18:07:31.312000+00:00,9846,1275,30,13
2025-11-29T18:07:43.500000+00:00,9846,1275,14,2
2025-11-29T18:07:43.500000+00:00,9846,1275,63,3
2025-11-29T18:08:57.782000+00:00,9846,1275,4,12
2025-11-29T18:08:57.782000+00:00,9846,1275,6,11
2025-11-29T18:08:57.782000+00:00,9846,1275,18,10
2025-11-29T18:08:57.782000+00:00,9846,1275,12,8
2025-11-29T18:08:57.782000+00:00,9846,1275,27,13
2025-11-29T18:08:57.782000+00:00,9846,1275,22,7
2025-11-29T18:08:57.782000+00:00,9846,1275,87,6
2025-11-29T18:08:57.782000+00:00,9846,1275,5,9
2025-11-29T18:08:57.782000+00:00,9846,1275,30,5
2025-11-29T18:09:12.907000+00:00,9846,1275,4,13
2025-11-29T18:09:12.907000+00:00,9846,1275,55,16
2025-11-29T18:09:12.907000+00:00,9846,1275,6,12
2025-11-29T18:09:12.907000+00:00,9846,1275,23,15
2025-11-29T18:09:12.907000+00:00,9846,1275,16,5
2025-11-29T18:09:12.907000+00:00,9846,1275,18,11
2025-11-29T18:09:12.907000+00:00,9846,1275,12,9
2025-11-29T18:09:12.907000+00:00,9846,1275,27,14
2025-11-29T18:09:12.907000+00:00,9846,1275,22,8
2025-11-29T18:09:12.907000+00:00,9846,1275,87,7
2025-11-29T18:09:12.907000+00:00,9846,1275,5,10
2025-11-29T18:09:12.907000+00:00,9846,1275,30,6
2025-11-29T18:09:31.454000+00:00,9846,1275,81,2
2025-11-29T18:09:31.454000+00:00,9846,1275,14,3
2025-11-29T18:09:31.454000+00:00,9846,1275,6,1
2025-11-29T18:09:31.454000+00:00,9846,1275,1,5
2025-11-29T18:09:31.454000+00:00,9846,1275,16,6
2025-11-29T18:09:31.454000+00:00,9846,1275,18,12
2025-11-29T18:09:31.454000+00:00,9846,1275,12,10
2025-11-29T18:09:31.454000+00:00,9846,1275,22,9
2025-11-29T18:09:31.454000+00:00,9846,1275,63,4
2025-11-29T18:09:31.454000+00:00,9846,1275,87,8
2025-11-29T18:09:31.454000+00:00,9846,1275,5,11
2025-11-29T18:09:31.454000+00:00,9846,1275,30,7
2025-11-29T18:10:02.086000+00:00,9846,1275,81,3
2025-11-29T18:10:02.086000+00:00,9846,1275,4,14
2025-11-29T18:10:02.086000+00:00,9846,1275,14,4
2025-11-29T18:10:02.086000+00:00,9846,1275,55,17
2025-11-29T18:10:02.086000+00:00,9846,1275,1,6
2025-11-29T18:10:02.086000+00:00,9846,1275,23,16
2025-11-29T18:10:02.086000+00:00,9846,1275,16,7
2025-11-29T18:10:02.086000+00:00,9846,1275,18,13
2025-11-29T18:10:02.086000+00:00,9846,1275,12,11
2025-11-29T18:10:02.086000+00:00,9846,1275,27,15
2025-11-29T18:10:02.086000+00:00,9846,1275,22,10
2025-11-29T18:10:02.086000+00:00,9846,1275,63,5
2025-11-29T18:10:02.086000+00:00,9846,1275,87,9
2025-11-29T18:10:02.086000+00:00,9846,1275,5,12
2025-11-29T18:10:02.086000+00:00,9846,1275,10,2
2025-11-29T18:10:02.086000+00:00,9846,1275,30,8
2025-11-29T18:10:16.958000+00:00,9846,1275,4,15
2025-11-29T18:10:16.958000+00:00,9846,1275,55,18
2025-11-29T18:10:16.958000+00:00,9846,1275,1,7
2025-11-29T18:10:16.958000+00:00,9846,1275,23,17
2025-11-29T18:10:16.958000+00:00,9846,1275,16,8
2025-11-29T18:10:16.958000+00:00,9846,1275,18,14
2025-11-29T18:10:16.958000+00:00,9846,1275,12,12
2025-11-29T18:10:16.958000+00:00,9846,1275,27,16
2025-11-29T18:10:16.958000+00:00,9846,1275,44,6
2025-11-29T18:10:16.958000+00:00,9846,1275,22,11
2025-11-29T18:10:16.958000+00:00,9846,1275,87,10
2025-11-29T18:10:16.958000+00:00,9846,1275,5,13
2025-11-29T18:10:16.958000+00:00,9846,1275,31,19
2025-11-29T18:10:16.958000+00:00,9846,1275,30,9
2025-11-29T18:11:39.295000+00:00,9846,1275,81,4
2025-11-29T18:11:39.295000+00:00,9846,1275,14,5
2025-11-29T18:11:39.295000+00:00,9846,1275,6,2
2025-11-29T18:11:39.295000+00:00,9846,1275,1,1
2025-11-29T18:11:39.295000+00:00,9846,1275,44,7
2025-11-29T18:11:39.295000+00:00,9846,1275,63,6
2025-11-29T18:11:39.295000+00:00,9846,1275,10,3
2025-11-29T18:11:56.842000+00:00,9846,1275,22,10
2025-11-29T18:11:56.842000+00:00,9846,1275,87,11
2025-11-29T18:12:09.998000+00:00,9846,1275,4,16
2025-11-29T18:12:09.998000+00:00,9846,1275,23,8
2025-11-29T18:12:09.998000+00:00,9846,1275,16,9
2025-11-29T18:12:09.998000+00:00,9846,1275,18,15
2025-11-29T18:12:09.998000+00:00,9846,1275,12,13
2025-11-29T18:12:09.998000+00:00,9846,1275,27,17
2025-11-29T18:12:09.998000+00:00,9846,1275,22,11
2025-11-29T18:12:09.998000+00:00,9846,1275,87,12
2025-11-29T18:12:09.998000+00:00,9846,1275,5,14
2025-11-29T18:12:09.998000+00:00,9846,1275,30,10
2025-11-29T18:12:16.279000+00:00,9846,1275,4,17
2025-11-29T18:12:16.279000+00:00,9846,1275,14,6
2025-11-29T18:12:16.279000+00:00,9846,1275,55,5
2025-11-29T18:12:16.279000+00:00,9846,1275,23,9
2025-11-29T18:12:16.279000+00:00,9846,1275,16,10
2025-11-29T18:12:16.279000+00:00,9846,1275,18,16
2025-11-29T18:12:16.279000+00:00,9846,1275,12,14
2025-11-29T18:12:16.279000+00:00,9846,1275,27,18
2025-11-29T18:12:16.279000+00:00,9846,1275,44,8
2025-11-29T18:12:16.279000+00:00,9846,1275,22,12
2025-11-29T18:12:16.279000+00:00,9846,1275,63,7
2025-11-29T18:12:16.279000+00:00,9846,1275,87,13
2025-11-29T18:12:16.279000+00:00,9846,1275,5,15
2025-11-29T18:12:16.279000+00:00,9846,1275,30,11
2025-11-29T18:12:26.810000+00:00,9846,1275,81,5
2025-11-29T18:12:26.810000+00:00,9846,1275,4,1
2025-11-29T18:12:26.810000+00:00,9846,1275,14,7
2025-11-29T18:12:26.810000+00:00,9846,1275,55,6
2025-11-29T18:12:26.810000+00:00,9846,1275,6,3
2025-11-29T18:12:26.810000+00:00,9846,1275,1,2
2025-11-29T18:12:26.810000+00:00,9846,1275,23,10
2025-11-29T18:12:26.810000+00:00,9846,1275,16,11
2025-11-29T18:12:26.810000+00:00,9846,1275,18,17
2025-11-29T18:12:26.810000+00:00,9846,1275,12,15
2025-11-29T18:12:26.810000+00:00,9846,1275,44,9
2025-11-29T18:12:26.810000+00:00,9846,1275,22,13
2025-11-29T18:12:26.810000+00:00,9846,1275,63,8
2025-11-29T18:12:26.810000+00:00,9846,1275,87,14
2025-11-29T18:12:26.810000+00:00,9846,1275,5,16
2025-11-29T18:12:26.810000+00:00,9846,1275,10,4
2025-11-29T18:12:26.810000+00:00,9846,1275,30,12
2025-11-29T18:12:33.404000+00:00,9846,1275,14,8
2025-11-29T18:12:33.404000+00:00,9846,1275,23,11
2025-11-29T18:12:33.404000+00:00,9846,1275,16,12
2025-11-29T18:12:33.404000+00:00,9846,1275,18,18
2025-11-29T18:12:33.404000+00:00,9846,1275,12,16
2025-11-29T18:12:33.404000+00:00,9846,1275,27,7
2025-11-29T18:12:33.404000+00:00,9846,1275,44,10
2025-11-29T18:12:33.404000+00:00,9846,1275,22,14
2025-11-29T18:12:33.404000+00:00,9846,1275,63,9
2025-11-29T18:12:33.404000+00:00,9846,1275,87,15
2025-11-29T18:12:33.404000+00:00,9846,1275,5,17
2025-11-29T18:12:33.404000+00:00,9846,1275,30,13
2025-11-29T18:12:42.342000+00:00,9846,1275,81,2
2025-11-29T18:12:42.342000+00:00,9846,1275,6,4
2025-11-29T18:12:42.342000+00:00,9846,1275,1,3
2025-11-29T18:12:42.342000+00:00,9846,1275,10,5
2025-11-29T18:12:47.654000+00:00,9846,1275,14,9
2025-11-29T18:12:47.654000+00:00,9846,1275,55,7
2025-11-29T18:12:47.654000+00:00,9846,1275,6,5
2025-11-29T18:12:47.654000+00:00,9846,1275,23,12
2025-11-29T18:12:47.654000+00:00,9846,1275,16,13
2025-11-29T18:12:47.654000+00:00,9846,1275,12,4
2025-11-29T18:12:47.654000+00:00,9846,1275,27,8
2025-11-29T18:12:47.654000+00:00,9846,1275,44,11
2025-11-29T18:12:47.654000+00:00,9846,1275,22,15
2025-11-29T18:12:47.654000+00:00,9846,1275,63,10
2025-11-29T18:12:47.654000+00:00,9846,1275,87,16
2025-11-29T18:12:47.654000+00:00,9846,1275,10,6
2025-11-29T18:12:47.654000+00:00,9846,1275,30,14
2025-11-29T18:12:53.435000+00:00,9846,1275,16,14
2025-11-29T18:12:53.435000+00:00,9846,1275,22,16
2025-11-29T18:12:53.435000+00:00,9846,1275,87,17
2025-11-29T18:12:53.435000+00:00,9846,1275,5,13
2025-11-29T18:12:53.435000+00:00,9846,1275,30,15
2025-11-29T18:13:02.951000+00:00,9846,1275,18,19
2025-11-29T18:13:02.951000+00:00,9846,1275,31,18
2025-11-29T18:13:09.191000+00:00,9846,1275,14,10
2025-11-29T18:13:09.191000+00:00,9846,1275,55,8
2025-11-29T18:13:09.191000+00:00,9846,1275,23,13
2025-11-29T18:13:09.191000+00:00,9846,1275,16,15
2025-11-29T18:13:09.191000+00:00,9846,1275,27,9
2025-11-29T18:13:09.191000+00:00,9846,1275,44,12
2025-11-29T18:13:09.191000+00:00,9846,1275,22,17
2025-11-29T18:13:09.191000+00:00,9846,1275,63,11
2025-11-29T18:13:09.191000+00:00,9846,1275,87,7
2025-11-29T18:13:09.191000+00:00,9846,1275,5,14
2025-11-29T18:13:09.191000+00:00,9846,1275,30,16
2025-11-29T18:13:43.362000+00:00,9846,1275,14,11
2025-11-29T18:13:43.362000+00:00,9846,1275,55,9
2025-11-29T18:13:43.362000+00:00,9846,1275,6,6
2025-11-29T18:13:43.362000+00:00,9846,1275,1,4
2025-11-29T18:13:43.362000+00:00,9846,1275,12,5
2025-11-29T18:13:43.362000+00:00,9846,1275,27,10
2025-11-29T18:13:43.362000+00:00,9846,1275,63,3
2025-11-29T18:13:43.362000+00:00,9846,1275,87,8
2025-11-29T18:13:43.362000+00:00,9846,1275,10,7
2025-11-29T18:15:12.621000+00:00,9846,1275,14,6
2025-11-29T18:15:12.621000+00:00,9846,1275,55,10
2025-11-29T18:15:12.621000+00:00,9846,1275,6,7
2025-11-29T18:15:12.621000+00:00,9846,1275,27,11
2025-11-29T18:15:12.621000+00:00,9846,1275,87,9
2025-11-29T18:15:12.621000+00:00,9846,1275,10,8
2025-11-29T18:16:34.293000+00:00,9846,1275,14,7
2025-11-29T18:16:34.293000+00:00,9846,1275,55,11
2025-11-29T18:16:34.293000+00:00,9846,1275,6,8
2025-11-29T18:16:34.293000+00:00,9846,1275,23,14
2025-11-29T18:16:34.293000+00:00,9846,1275,16,5
2025-11-29T18:16:34.293000+00:00,9846,1275,12,6
2025-11-29T18:16:34.293000+00:00,9846,1275,27,12
2025-11-29T18:16:34.293000+00:00,9846,1275,44,13
2025-11-29T18:16:34.293000+00:00,9846,1275,87,10
2025-11-29T18:16:34.293000+00:00,9846,1275,5,15
2025-11-29T18:16:34.293000+00:00,9846,1275,10,9
2025-11-29T18:17:25.340000+00:00,9846,1275,23,15
2025-11-29T18:17:25.340000+00:00,9846,1275,27,13
2025-11-29T18:17:25.340000+00:00,9846,1275,44,14
2025-11-29T18:17:25.340000+00:00,9846,1275,22,12
2025-11-29T18:17:25.340000+00:00,9846,1275,5,16
2025-11-29T18:17:25.340000+00:00,9846,1275,30,17
2025-11-29T18:17:31.418000+00:00,9846,1275,14,8
2025-11-29T18:17:31.418000+00:00,9846,1275,55,12
2025-11-29T18:17:31.418000+00:00,9846,1275,6,9
2025-11-29T18:17:31.418000+00:00,9846,1275,23,16
2025-11-29T18:17:31.418000+00:00,9846,1275,16,6
2025-11-29T18:17:31.418000+00:00,9846,1275,12,7
2025-11-29T18:17:31.418000+00:00,9846,1275,27,14
2025-11-29T18:17:31.418000+00:00,9846,1275,44,15
2025-11-29T18:17:31.418000+00:00,9846,1275,22,13
2025-11-29T18:17:31.418000+00:00,9846,1275,87,11
2025-11-29T18:17:31.418000+00:00,9846,1275,5,17
2025-11-29T18:17:31.418000+00:00,9846,1275,10,10
2025-11-29T18:17:31.418000+00:00,9846,1275,30,5
2025-11-29T18:17:39.371000+00:00,9846,1275,55,13
2025-11-29T18:17:39.371000+00:00,9846,1275,23,10
2025-11-29T18:17:39.371000+00:00,9846,1275,27,15
2025-11-29T18:17:39.371000+00:00,9846,1275,44,16
2025-11-29T18:17:39.371000+00:00,9846,1275,22,14
2025-11-29T18:17:39.371000+00:00,9846,1275,87,12
2025-11-29T18:17:39.371000+00:00,9846,1275,10,11
2025-11-29T18:17:50.371000+00:00,9846,1275,55,14
2025-11-29T18:17:50.371000+00:00,9846,1275,27,11
2025-11-29T18:17:50.371000+00:00,9846,1275,22,15
2025-11-29T18:17:50.371000+00:00,9846,1275,87,13
2025-11-29T18:17:50.371000+00:00,9846,1275,10,12
2025-11-29T18:17:56.574000+00:00,9846,1275,14,9
2025-11-29T18:17:56.574000+00:00,9846,1275,55,5
2025-11-29T18:17:56.574000+00:00,9846,1275,6,10
2025-11-29T18:17:56.574000+00:00,9846,1275,23,11
2025-11-29T18:17:56.574000+00:00,9846,1275,16,7
2025-11-29T18:17:56.574000+00:00,9846,1275,12,8
2025-11-29T18:17:56.574000+00:00,9846,1275,27,12
2025-11-29T18:17:56.574000+00:00,9846,1275,87,14
2025-11-29T18:17:56.574000+00:00,9846,1275,10,13
2025-11-29T18:17:56.574000+00:00,9846,1275,30,6
2025-11-29T18:18:05.059000+00:00,9846,1275,18,18
2025-11-29T18:18:05.059000+00:00,9846,1275,31,19
2025-11-29T18:18:11.746000+00:00,9846,1275,31,20
2025-11-29T18:18:11.746000+00:00,9846,1275,43,19
2025-11-29T18:18:17.856000+00:00,9846,1275,14,10
2025-11-29T18:18:17.856000+00:00,9846,1275,55,6
2025-11-29T18:18:17.856000+00:00,9846,1275,6,11
2025-11-29T18:18:17.856000+00:00,9846,1275,23,12
2025-11-29T18:18:17.856000+00:00,9846,1275,16,8
2025-11-29T18:18:17.856000+00:00,9846,1275,12,9
2025-11-29T18:18:17.856000+00:00,9846,1275,27,13
2025-11-29T18:18:17.856000+00:00,9846,1275,10,5
2025-11-29T18:18:17.856000+00:00,9846,1275,30,7
2025-11-29T18:18:23.946000+00:00,9846,1275,55,7
2025-11-29T18:18:23.946000+00:00,9846,1275,1,5
2025-11-29T18:18:23.946000+00:00,9846,1275,16,9
2025-11-29T18:18:23.946000+00:00,9846,1275,12,4
2025-11-29T18:18:23.946000+00:00,9846,1275,10,6
2025-11-29T18:18:23.946000+00:00,9846,1275,30,8
2025-11-29T18:18:30.932000+00:00,9846,1275,18,19
2025-11-29T18:18:30.932000+00:00,9846,1275,44,17
2025-11-29T18:18:30.932000+00:00,9846,1275,5,18
2025-11-29T18:18:30.932000+00:00,9846,1275,31,16
2025-11-29T18:18:30.932000+00:00,9846,1275,43,20
2025-11-29T18:18:35.151000+00:00,9846,1275,44,18
2025-11-29T18:18:35.151000+00:00,9846,1275,22,16
2025-11-29T18:18:35.151000+00:00,9846,1275,87,15
2025-11-29T18:18:35.151000+00:00,9846,1275,5,14
2025-11-29T18:18:35.151000+00:00,9846,1275,31,17
2025-11-29T18:18:43.385000+00:00,9846,1275,55,6
2025-11-29T18:18:43.385000+00:00,9846,1275,1,4
2025-11-29T18:18:43.385000+00:00,9846,1275,16,8
2025-11-29T18:18:43.385000+00:00,9846,1275,12,9
2025-11-29T18:18:43.385000+00:00,9846,1275,10,5
2025-11-29T18:18:43.385000+00:00,9846,1275,30,7
2025-11-29T18:18:50.026000+00:00,9846,1275,14,11
2025-11-29T18:18:50.026000+00:00,9846,1275,6,12
2025-11-29T18:18:50.026000+00:00,9846,1275,23,13
2025-11-29T18:18:50.026000+00:00,9846,1275,16,9
2025-11-29T18:18:50.026000+00:00,9846,1275,12,10
2025-11-29T18:18:50.026000+00:00,9846,1275,27,14
2025-11-29T18:18:50.026000+00:00,9846,1275,87,8
2025-11-29T18:18:50.026000+00:00,9846,1275,5,15
2025-11-29T18:19:03.494000+00:00,9846,1275,81,3
2025-11-29T18:19:03.494000+00:00,9846,1275,4,2
2025-11-29T18:19:03.494000+00:00,9846,1275,63,1
2025-11-29T18:19:27.494000+00:00,9846,1275,14,10
2025-11-29T18:19:27.494000+00:00,9846,1275,55,5
2025-11-29T18:19:27.494000+00:00,9846,1275,6,11
2025-11-29T18:19:27.494000+00:00,9846,1275,23,12
2025-11-29T18:19:27.494000+00:00,9846,1275,16,8
2025-11-29T18:19:27.494000+00:00,9846,1275,12,9
2025-11-29T18:19:27.494000+00:00,9846,1275,27,13
2025-11-29T18:19:27.494000+00:00,9846,1275,87,7
2025-11-29T18:19:27.494000+00:00,9846,1275,5,14
2025-11-29T18:19:27.494000+00:00,9846,1275,10,15
2025-11-29T18:19:27.494000+00:00,9846,1275,30,6
2025-11-29T18:26:05.443000+00:00,9846,1275,81,4
2025-11-29T18:26:05.443000+00:00,9846,1275,4,3
2025-11-29T18:26:05.443000+00:00,9846,1275,14,11
2025-11-29T18:26:05.443000+00:00,9846,1275,55,6
2025-11-29T18:26:05.443000+00:00,9846,1275,6,12
2025-11-29T18:26:05.443000+00:00,9846,1275,1,5
2025-11-29T18:26:05.443000+00:00,9846,1275,23,1
2025-11-29T18:26:05.443000+00:00,9846,1275,16,9
2025-11-29T18:26:05.443000+00:00,9846,1275,12,10
2025-11-29T18:26:05.443000+00:00,9846,1275,63,2
2025-11-29T18:26:05.443000+00:00,9846,1275,87,8
2025-11-29T18:26:05.443000+00:00,9846,1275,30,7
2025-11-29T18:26:12.505000+00:00,9846,1275,81,5
2025-11-29T18:26:12.505000+00:00,9846,1275,4,4
2025-11-29T18:26:12.505000+00:00,9846,1275,55,1
2025-11-29T18:26:12.505000+00:00,9846,1275,1,6
2025-11-29T18:26:12.505000+00:00,9846,1275,23,2
2025-11-29T18:26:12.505000+00:00,9846,1275,63,3
2025-11-29T18:26:21.365000+00:00,9846,1275,81,6
2025-11-29T18:26:21.365000+00:00,9846,1275,4,5
2025-11-29T18:26:21.365000+00:00,9846,1275,55,2
2025-11-29T18:26:21.365000+00:00,9846,1275,1,1
2025-11-29T18:26:21.365000+00:00,9846,1275,23,3
2025-11-29T18:26:21.365000+00:00,9846,1275,63,4
2025-11-29T18:26:29.665000+00:00,9846,1275,81,7
2025-11-29T18:26:29.665000+00:00,9846,1275,4,6
2025-11-29T18:26:29.665000+00:00,9846,1275,14,12
2025-11-29T18:26:29.665000+00:00,9846,1275,6,13
2025-11-29T18:26:29.665000+00:00,9846,1275,16,10
2025-11-29T18:26:29.665000+00:00,9846,1275,12,11
2025-11-29T18:26:29.665000+00:00,9846,1275,27,4
2025-11-29T18:26:29.665000+00:00,9846,1275,63,5
2025-11-29T18:26:29.665000+00:00,9846,1275,87,9
2025-11-29T18:26:29.665000+00:00,9846,1275,30,8
2025-11-29T18:26:36.279000+00:00,9846,1275,81,8
2025-11-29T18:26:36.279000+00:00,9846,1275,4,7
2025-11-29T18:26:36.279000+00:00,9846,1275,23,4
2025-11-29T18:26:36.279000+00:00,9846,1275,27,5
2025-11-29T18:26:36.279000+00:00,9846,1275,63,6
2025-11-29T18:26:36.279000+00:00,9846,1275,87,3
2025-11-29T18:26:36.279000+00:00,9846,1275,30,9
2025-11-29T18:26:43.842000+00:00,9846,1275,81,9
2025-11-29T18:26:43.842000+00:00,9846,1275,4,8
2025-11-29T18:26:43.842000+00:00,9846,1275,14,13
2025-11-29T18:26:43.842000+00:00,9846,1275,6,14
2025-11-29T18:26:43.842000+00:00,9846,1275,16,11
2025-11-29T18:26:43.842000+00:00,9846,1275,12,12
2025-11-29T18:26:43.842000+00:00,9846,1275,63,7
2025-11-29T18:26:43.842000+00:00,9846,1275,5,6
2025-11-29T18:26:43.842000+00:00,9846,1275,30,10
2025-11-29T18:26:47.014000+00:00,9846,1275,81,10
2025-11-29T18:26:47.014000+00:00,9846,1275,4,9
2025-11-29T18:26:47.014000+00:00,9846,1275,23,5
2025-11-29T18:26:47.014000+00:00,9846,1275,16,4
2025-11-29T18:26:47.014000+00:00,9846,1275,27,6
2025-11-29T18:26:47.014000+00:00,9846,1275,63,8
2025-11-29T18:26:47.014000+00:00,9846,1275,5,7
2025-11-29T18:26:47.014000+00:00,9846,1275,30,11
2025-11-29T18:27:34.187000+00:00,9846,1275,55,3
2025-11-29T18:27:34.187000+00:00,9846,1275,1,2
2025-11-29T18:27:34.187000+00:00,9846,1275,23,1
2025-11-29T18:27:34.187000+00:00,9846,1275,16,5
2025-11-29T18:27:34.187000+00:00,9846,1275,87,4
2025-11-29T18:27:42.827000+00:00,9846,1275,55,1
2025-11-29T18:27:42.827000+00:00,9846,1275,1,3
2025-11-29T18:27:42.827000+00:00,9846,1275,23,2
2025-11-29T18:27:48.593000+00:00,9846,1275,55,2
2025-11-29T18:27:48.593000+00:00,9846,1275,1,1
2025-11-29T18:27:48.593000+00:00,9846,1275,23,3
2025-11-29T18:27:57.921000+00:00,9846,1275,16,6
2025-11-29T18:27:57.921000+00:00,9846,1275,27,4
2025-11-29T18:27:57.921000+00:00,9846,1275,87,5
2025-11-29T18:28:05.843000+00:00,9846,1275,23,4
2025-11-29T18:28:05.843000+00:00,9846,1275,27,5
2025-11-29T18:28:05.843000+00:00,9846,1275,87,3
2025-11-29T18:28:12.624000+00:00,9846,1275,16,7
2025-11-29T18:28:12.624000+00:00,9846,1275,5,6
2025-11-29T18:28:22.856000+00:00,9846,1275,23,5
2025-11-29T18:28:22.856000+00:00,9846,1275,16,4
2025-11-29T18:28:22.856000+00:00,9846,1275,27,6
2025-11-29T18:28:22.856000+00:00,9846,1275,5,7
2025-11-29T18:29:19.303000+00:00,9846,1275,55,3
2025-11-29T18:29:19.303000+00:00,9846,1275,1,2
2025-11-29T18:29:19.303000+00:00,9846,1275,23,6
2025-11-29T18:29:19.303000+00:00,9846,1275,16,5
2025-11-29T18:29:19.303000+00:00,9846,1275,27,1
2025-11-29T18:29:19.303000+00:00,9846,1275,87,4
2025-11-29T18:29:26.287000+00:00,9846,1275,55,4
2025-11-29T18:29:26.287000+00:00,9846,1275,1,3
2025-11-29T18:29:26.287000+00:00,9846,1275,27,2
2025-11-29T18:29:26.287000+00:00,9846,1275,87,1
2025-11-29T18:29:32.053000+00:00,9846,1275,81,11
2025-11-29T18:29:32.053000+00:00,9846,1275,4,10
2025-11-29T18:29:32.053000+00:00,9846,1275,63,9
2025-11-29T18:29:32.053000+00:00,9846,1275,30,8
2025-11-29T18:29:33.600000+00:00,9846,1275,55,5
2025-11-29T18:29:33.600000+00:00,9846,1275,1,4
2025-11-29T18:29:33.600000+00:00,9846,1275,23,7
2025-11-29T18:29:33.600000+00:00,9846,1275,16,6
2025-11-29T18:29:33.600000+00:00,9846,1275,5,3
2025-11-29T18:29:43.615000+00:00,9846,1275,55,6
2025-11-29T18:29:43.615000+00:00,9846,1275,1,5
2025-11-29T18:29:43.615000+00:00,9846,1275,16,2
2025-11-29T18:29:43.615000+00:00,9846,1275,27,3
2025-11-29T18:29:43.615000+00:00,9846,1275,5,4
2025-11-29T18:29:45.068000+00:00,9846,1275,81,8
2025-11-29T18:29:45.068000+00:00,9846,1275,4,11
2025-11-29T18:29:45.068000+00:00,9846,1275,63,10
2025-11-29T18:29:45.068000+00:00,9846,1275,30,9
2025-11-29T18:29:54.678000+00:00,9846,1275,4,12
2025-11-29T18:29:54.678000+00:00,9846,1275,14,14
2025-11-29T18:29:54.678000+00:00,9846,1275,6,10
2025-11-29T18:29:54.678000+00:00,9846,1275,12,13
2025-11-29T18:29:54.678000+00:00,9846,1275,63,11
2025-11-29T18:30:01.740000+00:00,9846,1275,81,9
2025-11-29T18:30:01.740000+00:00,9846,1275,4,8
2025-11-29T18:30:01.740000+00:00,9846,1275,6,11
2025-11-29T18:30:01.740000+00:00,9846,1275,63,12
2025-11-29T18:30:01.740000+00:00,9846,1275,30,10
2025-11-29T18:30:17.365000+00:00,9846,1275,14,11
2025-11-29T18:30:17.365000+00:00,9846,1275,6,12
2025-11-29T18:30:17.365000+00:00,9846,1275,12,14
2025-11-29T18:30:17.365000+00:00,9846,1275,63,13
2025-11-29T18:30:31.740000+00:00,9846,1275,12,15
2025-11-29T18:30:31.740000+00:00,9846,1275,63,14
2025-11-29T18:30:31.740000+00:00,9846,1275,10,13
2025-11-29T18:30:49.289000+00:00,9846,1275,1,1
2025-11-29T18:30:49.289000+00:00,9846,1275,16,3
2025-11-29T18:30:49.289000+00:00,9846,1275,27,4
2025-11-29T18:30:49.289000+00:00,9846,1275,87,2
2025-11-29T18:30:49.289000+00:00,9846,1275,5,5
2025-11-29T18:30:54.414000+00:00,9846,1275,81,10
2025-11-29T18:30:54.414000+00:00,9846,1275,4,9
2025-11-29T18:30:54.414000+00:00,9846,1275,14,12
2025-11-29T18:30:54.414000+00:00,9846,1275,6,13
2025-11-29T18:30:54.414000+00:00,9846,1275,63,8
2025-11-29T18:30:54.414000+00:00,9846,1275,10,14
2025-11-29T18:30:54.414000+00:00,9846,1275,30,11
2025-11-29T18:31:10.649000+00:00,9846,1275,81,11
2025-11-29T18:31:10.649000+00:00,9846,1275,4,10
2025-11-29T18:31:10.649000+00:00,9846,1275,23,8
2025-11-29T18:31:10.649000+00:00,9846,1275,63,9
2025-11-29T18:31:10.649000+00:00,9846,1275,30,7
2025-11-29T18:31:27.256000+00:00,9846,1275,81,6
2025-11-29T18:31:27.256000+00:00,9846,1275,4,11
2025-11-29T18:31:27.256000+00:00,9846,1275,55,7
2025-11-29T18:31:27.256000+00:00,9846,1275,23,9
2025-11-29T18:31:27.256000+00:00,9846,1275,63,10
2025-11-29T18:31:27.256000+00:00,9846,1275,30,8
2025-11-29T18:31:35.350000+00:00,9846,1275,4,12
2025-11-29T18:31:35.350000+00:00,9846,1275,14,13
2025-11-29T18:31:35.350000+00:00,9846,1275,6,9
2025-11-29T18:31:35.350000+00:00,9846,1275,23,10
2025-11-29T18:31:35.350000+00:00,9846,1275,63,11
2025-11-29T18:31:42.910000+00:00,9846,1275,81,7
2025-11-29T18:31:42.910000+00:00,9846,1275,4,6
2025-11-29T18:31:42.910000+00:00,9846,1275,55,8
2025-11-29T18:31:42.910000+00:00,9846,1275,6,10
2025-11-29T18:31:42.910000+00:00,9846,1275,23,11
2025-11-29T18:31:42.910000+00:00,9846,1275,63,12
2025-11-29T18:31:42.910000+00:00,9846,1275,30,9
2025-11-29T18:31:47.503000+00:00,9846,1275,14,10
2025-11-29T18:31:47.503000+00:00,9846,1275,6,11
2025-11-29T18:31:47.503000+00:00,9846,1275,23,12
2025-11-29T18:31:47.503000+00:00,9846,1275,63,13
2025-11-29T18:31:55.941000+00:00,9846,1275,12,14
2025-11-29T18:31:55.941000+00:00,9846,1275,10,15
2025-11-29T18:32:04.525000+00:00,9846,1275,12,15
2025-11-29T18:32:04.525000+00:00,9846,1275,63,14
2025-11-29T18:32:04.525000+00:00,9846,1275,10,13
2025-11-29T18:32:31.250000+00:00,9846,1275,81,8
2025-11-29T18:32:31.250000+00:00,9846,1275,4,7
2025-11-29T18:32:31.250000+00:00,9846,1275,55,9
2025-11-29T18:32:31.250000+00:00,9846,1275,16,4
2025-11-29T18:32:31.250000+00:00,9846,1275,27,5
2025-11-29T18:32:31.250000+00:00,9846,1275,5,6
2025-11-29T18:32:31.250000+00:00,9846,1275,30,3
2025-11-29T18:32:37.516000+00:00,9846,1275,81,9
2025-11-29T18:32:37.516000+00:00,9846,1275,4,8
2025-11-29T18:32:37.516000+00:00,9846,1275,14,11
2025-11-29T18:32:37.516000+00:00,9846,1275,55,10
2025-11-29T18:32:37.516000+00:00,9846,1275,6,12
2025-11-29T18:32:37.516000+00:00,9846,1275,23,4
2025-11-29T18:32:37.516000+00:00,9846,1275,16,5
2025-11-29T18:32:37.516000+00:00,9846,1275,27,6
2025-11-29T18:32:37.516000+00:00,9846,1275,5,7
2025-11-29T18:32:39.375000+00:00,9846,1275,81,10
2025-11-29T18:32:39.375000+00:00,9846,1275,4,9
2025-11-29T18:32:39.375000+00:00,9846,1275,14,12
2025-11-29T18:32:39.375000+00:00,9846,1275,55,11
2025-11-29T18:32:39.375000+00:00,9846,1275,6,13
2025-11-29T18:32:39.375000+00:00,9846,1275,63,8
2025-11-29T18:32:39.375000+00:00,9846,1275,10,14
2025-11-29T18:32:47.125000+00:00,9846,1275,81,1
2025-11-29T18:32:47.125000+00:00,9846,1275,4,10
2025-11-29T18:32:47.125000+00:00,9846,1275,1,2
2025-11-29T18:32:47.125000+00:00,9846,1275,23,5
2025-11-29T18:32:47.125000+00:00,9846,1275,16,6
2025-11-29T18:32:47.125000+00:00,9846,1275,27,7
2025-11-29T18:32:47.125000+00:00,9846,1275,63,9
2025-11-29T18:32:47.125000+00:00,9846,1275,87,3
2025-11-29T18:32:47.125000+00:00,9846,1275,5,8
2025-11-29T18:32:47.125000+00:00,9846,1275,30,4
2025-11-29T18:32:55.703000+00:00,9846,1275,4,11
2025-11-29T18:32:55.703000+00:00,9846,1275,14,13
2025-11-29T18:32:55.703000+00:00,9846,1275,55,12
2025-11-29T18:32:55.703000+00:00,9846,1275,6,3
2025-11-29T18:32:55.703000+00:00,9846,1275,23,6
2025-11-29T18:32:55.703000+00:00,9846,1275,16,7
2025-11-29T18:32:55.703000+00:00,9846,1275,27,8
2025-11-29T18:32:55.703000+00:00,9846,1275,63,10
2025-11-29T18:32:55.703000+00:00,9846,1275,87,4
2025-11-29T18:32:55.703000+00:00,9846,1275,5,9
2025-11-29T18:32:55.703000+00:00,9846,1275,30,5
2025-11-29T18:33:03.141000+00:00,9846,1275,4,3
2025-11-29T18:33:03.141000+00:00,9846,1275,6,4
2025-11-29T18:33:03.141000+00:00,9846,1275,23,7
2025-11-29T18:33:03.141000+00:00,9846,1275,16,8
2025-11-29T18:33:03.141000+00:00,9846,1275,27,9
2025-11-29T18:33:03.141000+00:00,9846,1275,63,11
2025-11-29T18:33:03.141000+00:00,9846,1275,87,5
2025-11-29T18:33:03.141000+00:00,9846,1275,5,10
2025-11-29T18:33:03.141000+00:00,9846,1275,30,6
2025-11-29T18:33:07.985000+00:00,9846,1275,14,5
2025-11-29T18:33:07.985000+00:00,9846,1275,55,13
2025-11-29T18:33:07.985000+00:00,9846,1275,23,8
2025-11-29T18:33:07.985000+00:00,9846,1275,16,9
2025-11-29T18:33:07.985000+00:00,9846,1275,27,10
2025-11-29T18:33:07.985000+00:00,9846,1275,63,12
2025-11-29T18:33:07.985000+00:00,9846,1275,87,6
2025-11-29T18:33:07.985000+00:00,9846,1275,5,11
2025-11-29T18:33:07.985000+00:00,9846,1275,30,7
2025-11-29T18:33:15.735000+00:00,9846,1275,14,6
2025-11-29T18:33:15.735000+00:00,9846,1275,55,4
2025-11-29T18:33:15.735000+00:00,9846,1275,6,5
2025-11-29T18:33:15.735000+00:00,9846,1275,23,9
2025-11-29T18:33:15.735000+00:00,9846,1275,16,10
2025-11-29T18:33:15.735000+00:00,9846,1275,27,11
2025-11-29T18:33:15.735000+00:00,9846,1275,63,13
2025-11-29T18:33:15.735000+00:00,9846,1275,87,7
2025-11-29T18:33:15.735000+00:00,9846,1275,5,12
2025-11-29T18:33:15.735000+00:00,9846,1275,30,8
2025-11-29T18:33:16.360000+00:00,9846,1275,4,13
2025-11-29T18:33:16.360000+00:00,9846,1275,14,5
2025-11-29T18:33:16.360000+00:00,9846,1275,55,3
2025-11-29T18:33:16.360000+00:00,9846,1275,6,4
2025-11-29T18:33:16.360000+00:00,9846,1275,23,8
2025-11-29T18:33:16.360000+00:00,9846,1275,16,9
2025-11-29T18:33:16.360000+00:00,9846,1275,27,10
2025-11-29T18:33:16.360000+00:00,9846,1275,63,12
2025-11-29T18:33:16.360000+00:00,9846,1275,87,6
2025-11-29T18:33:16.360000+00:00,9846,1275,5,11
2025-11-29T18:33:16.360000+00:00,9846,1275,30,7
2025-11-29T18:33:24.829000+00:00,9846,1275,4,14
2025-11-29T18:33:24.829000+00:00,9846,1275,23,9
2025-11-29T18:33:24.829000+00:00,9846,1275,16,10
2025-11-29T18:33:24.829000+00:00,9846,1275,27,11
2025-11-29T18:33:24.829000+00:00,9846,1275,63,13
2025-11-29T18:33:24.829000+00:00,9846,1275,5,12
2025-11-29T18:33:24.829000+00:00,9846,1275,10,7
2025-11-29T18:33:24.829000+00:00,9846,1275,30,8
2025-11-29T18:34:51.609000+00:00,9846,1275,4,15
2025-11-29T18:34:51.609000+00:00,9846,1275,23,10
2025-11-29T18:34:51.609000+00:00,9846,1275,16,11
2025-11-29T18:34:51.609000+00:00,9846,1275,12,8
2025-11-29T18:34:51.609000+00:00,9846,1275,27,12
2025-11-29T18:34:51.609000+00:00,9846,1275,63,14
2025-11-29T18:34:51.609000+00:00,9846,1275,5,13
2025-11-29T18:34:51.609000+00:00,9846,1275,30,9
2025-11-29T18:35:32.141000+00:00,9846,1275,14,6
2025-11-29T18:35:32.141000+00:00,9846,1275,55,4
2025-11-29T18:35:32.141000+00:00,9846,1275,6,5
2025-11-29T18:35:32.141000+00:00,9846,1275,23,11
2025-11-29T18:35:32.141000+00:00,9846,1275,16,12
2025-11-29T18:35:32.141000+00:00,9846,1275,12,9
2025-11-29T18:35:32.141000+00:00,9846,1275,27,13
2025-11-29T18:35:32.141000+00:00,9846,1275,63,3
2025-11-29T18:35:32.141000+00:00,9846,1275,87,7
2025-11-29T18:35:32.141000+00:00,9846,1275,5,14
2025-11-29T18:35:32.141000+00:00,9846,1275,10,8
2025-11-29T18:35:32.141000+00:00,9846,1275,30,10
2025-11-29T18:35:37.875000+00:00,9846,1275,16,13
2025-11-29T18:35:37.875000+00:00,9846,1275,27,14
2025-11-29T18:35:37.875000+00:00,9846,1275,5,12
2025-11-29T18:35:45.027000+00:00,9846,1275,14,7
2025-11-29T18:35:45.027000+00:00,9846,1275,23,12
2025-11-29T18:35:45.027000+00:00,9846,1275,16,14
2025-11-29T18:35:45.027000+00:00,9846,1275,12,10
2025-11-29T18:35:45.027000+00:00,9846,1275,27,6
2025-11-29T18:35:45.027000+00:00,9846,1275,87,8
2025-11-29T18:35:45.027000+00:00,9846,1275,5,13
2025-11-29T18:35:45.027000+00:00,9846,1275,10,9
2025-11-29T18:35:45.027000+00:00,9846,1275,30,11
2025-11-29T18:39:27.199000+00:00,9846,1275,4,2
2025-11-29T18:39:27.199000+00:00,9846,1275,14,8
2025-11-29T18:39:27.199000+00:00,9846,1275,55,5
2025-11-29T18:39:27.199000+00:00,9846,1275,6,6
2025-11-29T18:39:27.199000+00:00,9846,1275,1,3
2025-11-29T18:39:27.199000+00:00,9846,1275,23,13
2025-11-29T18:39:27.199000+00:00,9846,1275,16,15
2025-11-29T18:39:27.199000+00:00,9846,1275,12,11
2025-11-29T18:39:27.199000+00:00,9846,1275,27,7
2025-11-29T18:39:27.199000+00:00,9846,1275,63,4
2025-11-29T18:39:27.199000+00:00,9846,1275,87,9
2025-11-29T18:39:27.199000+00:00,9846,1275,5,14
2025-11-29T18:39:27.199000+00:00,9846,1275,10,10
2025-11-29T18:39:27.199000+00:00,9846,1275,30,12
2025-11-29T18:40:47.907000+00:00,9846,1275,14,5
2025-11-29T18:40:47.907000+00:00,9846,1275,55,6
2025-11-29T18:40:47.907000+00:00,9846,1275,6,7
2025-11-29T18:40:47.907000+00:00,9846,1275,27,8
2025-11-29T18:41:02.785000+00:00,9846,1275,6,8
2025-11-29T18:41:02.785000+00:00,9846,1275,27,9
2025-11-29T18:41:02.785000+00:00,9846,1275,87,10
2025-11-29T18:41:02.785000+00:00,9846,1275,10,7
2025-11-29T18:41:07.229000+00:00,9846,1275,14,6
2025-11-29T18:41:07.229000+00:00,9846,1275,55,7
2025-11-29T18:41:07.229000+00:00,9846,1275,6,9
2025-11-29T18:41:07.229000+00:00,9846,1275,12,4
2025-11-29T18:41:07.229000+00:00,9846,1275,27,10
2025-11-29T18:41:07.229000+00:00,9846,1275,63,5
2025-11-29T18:41:07.229000+00:00,9846,1275,87,11
2025-11-29T18:41:07.229000+00:00,9846,1275,10,8
2025-11-29T18:41:17.754000+00:00,9846,1275,12,5
2025-11-29T18:41:17.754000+00:00,9846,1275,63,4
2025-11-29T18:41:25.005000+00:00,9846,1275,87,12
2025-11-29T18:41:25.005000+00:00,9846,1275,30,11
2025-11-29T18:41:31.583000+00:00,9846,1275,6,10
2025-11-29T18:41:31.583000+00:00,9846,1275,23,14
2025-11-29T18:41:31.583000+00:00,9846,1275,16,9
2025-11-29T18:41:31.583000+00:00,9846,1275,27,11
2025-11-29T18:41:31.583000+00:00,9846,1275,87,13
2025-11-29T18:41:31.583000+00:00,9846,1275,5,15
2025-11-29T18:41:31.583000+00:00,9846,1275,30,12
2025-11-29T18:41:31.692000+00:00,9846,1275,12,4
2025-11-29T18:41:31.692000+00:00,9846,1275,63,5
2025-11-29T18:41:50.567000+00:00,9846,1275,23,15
2025-11-29T18:41:50.567000+00:00,9846,1275,5,14
2025-11-29T18:49:02.626000+00:00,9846,1275,81,2
2025-11-29T18:49:02.626000+00:00,9846,1275,4,3
2025-11-29T18:49:02.626000+00:00,9846,1275,1,1
2025-11-29T18:49:08.798000+00:00,9846,1275,81,3
2025-11-29T18:49:08.798000+00:00,9846,1275,4,1
2025-11-29T18:49:08.798000+00:00,9846,1275,1,2
2025-11-29T18:49:14.938000+00:00,9846,1275,81,4
2025-11-29T18:49:14.938000+00:00,9846,1275,14,7
2025-11-29T18:49:14.938000+00:00,9846,1275,55,8
2025-11-29T18:49:14.938000+00:00,9846,1275,16,3
2025-11-29T18:49:14.938000+00:00,9846,1275,12,5
2025-11-29T18:49:14.938000+00:00,9846,1275,63,6
2025-11-29T18:49:14.938000+00:00,9846,1275,10,9
2025-11-29T18:49:17.423000+00:00,9846,1275,81,5
2025-11-29T18:49:17.423000+00:00,9846,1275,16,4
2025-11-29T18:49:17.423000+00:00,9846,1275,12,6
2025-11-29T18:49:17.423000+00:00,9846,1275,63,3
2025-11-29T18:49:26.110000+00:00,9846,1275,81,6
2025-11-29T18:49:26.110000+00:00,9846,1275,14,8
2025-11-29T18:49:26.110000+00:00,9846,1275,55,9
2025-11-29T18:49:26.110000+00:00,9846,1275,6,5
2025-11-29T18:49:26.110000+00:00,9846,1275,12,7
2025-11-29T18:49:26.110000+00:00,9846,1275,10,10
2025-11-29T18:49:32.454000+00:00,9846,1275,81,1
2025-11-29T18:49:32.454000+00:00,9846,1275,4,2
2025-11-29T18:49:32.454000+00:00,9846,1275,6,6
2025-11-29T18:49:32.454000+00:00,9846,1275,1,3
2025-11-29T18:49:32.454000+00:00,9846,1275,16,5
2025-11-29T18:49:32.454000+00:00,9846,1275,63,4
2025-11-29T18:49:53.548000+00:00,9846,1275,14,9
2025-11-29T18:49:53.548000+00:00,9846,1275,55,10
2025-11-29T18:49:53.548000+00:00,9846,1275,6,7
2025-11-29T18:49:53.548000+00:00,9846,1275,16,6
2025-11-29T18:49:53.548000+00:00,9846,1275,12,8
2025-11-29T18:49:53.548000+00:00,9846,1275,10,5
2025-11-29T18:50:21.360000+00:00,9846,1275,14,10
2025-11-29T18:50:21.360000+00:00,9846,1275,55,5
2025-11-29T18:50:21.360000+00:00,9846,1275,6,8
2025-11-29T18:50:21.360000+00:00,9846,1275,16,7
2025-11-29T18:50:21.360000+00:00,9846,1275,12,9
2025-11-29T18:50:21.360000+00:00,9846,1275,10,6
2025-11-29T18:50:36.501000+00:00,9846,1275,81,2
2025-11-29T18:50:36.501000+00:00,9846,1275,4,3
2025-11-29T18:50:36.501000+00:00,9846,1275,1,1
2025-11-29T18:50:43.048000+00:00,9846,1275,81,3
2025-11-29T18:50:43.048000+00:00,9846,1275,4,1
2025-11-29T18:50:43.048000+00:00,9846,1275,1,2
2025-11-29T18:50:49.595000+00:00,9846,1275,81,4
2025-11-29T18:50:49.595000+00:00,9846,1275,63,3
2025-11-29T18:50:55.126000+00:00,9846,1275,81,5
2025-11-29T18:50:55.126000+00:00,9846,1275,55,6
2025-11-29T18:50:55.126000+00:00,9846,1275,16,4
2025-11-29T18:50:55.126000+00:00,9846,1275,10,7
2025-11-29T18:51:01.626000+00:00,9846,1275,81,6
2025-11-29T18:51:01.626000+00:00,9846,1275,55,7
2025-11-29T18:51:01.626000+00:00,9846,1275,6,5
2025-11-29T18:51:01.626000+00:00,9846,1275,10,8
2025-11-29T18:51:06.017000+00:00,9846,1275,55,8
2025-11-29T18:51:06.017000+00:00,9846,1275,12,7
2025-11-29T18:51:06.017000+00:00,9846,1275,10,9
2025-11-29T18:51:12.564000+00:00,9846,1275,81,1
2025-11-29T18:51:12.564000+00:00,9846,1275,4,2
2025-11-29T18:51:12.564000+00:00,9846,1275,6,6
2025-11-29T18:51:12.564000+00:00,9846,1275,1,3
2025-11-29T18:51:12.564000+00:00,9846,1275,16,5
2025-11-29T18:51:12.564000+00:00,9846,1275,63,4
2025-11-29T18:51:19.329000+00:00,9846,1275,14,8
2025-11-29T18:51:19.329000+00:00,9846,1275,55,9
2025-11-29T18:51:19.329000+00:00,9846,1275,10,10
2025-11-29T18:51:24.501000+00:00,9846,1275,14,9
2025-11-29T18:51:24.501000+00:00,9846,1275,55,10
2025-11-29T18:51:24.501000+00:00,9846,1275,6,7
2025-11-29T18:51:24.501000+00:00,9846,1275,16,6
2025-11-29T18:51:24.501000+00:00,9846,1275,12,8
2025-11-29T18:51:24.501000+00:00,9846,1275,10,5
2025-11-29T18:51:58.454000+00:00,9846,1275,14,10
2025-11-29T18:51:58.454000+00:00,9846,1275,55,5
2025-11-29T18:51:58.454000+00:00,9846,1275,6,8
2025-11-29T18:51:58.454000+00:00,9846,1275,16,7
2025-11-29T18:51:58.454000+00:00,9846,1275,12,9
2025-11-29T18:51:58.454000+00:00,9846,1275,10,6
2025-11-29T18:52:02.517000+00:00,9846,1275,81,2
2025-11-29T18:52:02.517000+00:00,9846,1275,4,1
2025-11-29T18:52:08.704000+00:00,9846,1275,81,3
2025-11-29T18:52:08.704000+00:00,9846,1275,1,2
2025-11-29T18:52:21.767000+00:00,9846,1275,81,4
2025-11-29T18:52:21.767000+00:00,9846,1275,55,6
2025-11-29T18:52:21.767000+00:00,9846,1275,6,2
2025-11-29T18:52:21.767000+00:00,9846,1275,1,3
2025-11-29T18:52:21.767000+00:00,9846,1275,16,8
2025-11-29T18:52:21.767000+00:00,9846,1275,63,5
2025-11-29T18:52:21.767000+00:00,9846,1275,10,7
2025-11-29T18:52:28.720000+00:00,9846,1275,81,5
2025-11-29T18:52:28.720000+00:00,9846,1275,63,4
2025-11-29T18:52:32.157000+00:00,9846,1275,81,2
2025-11-29T18:52:32.157000+00:00,9846,1275,6,3
2025-11-29T18:52:32.157000+00:00,9846,1275,1,4
2025-11-29T18:52:32.157000+00:00,9846,1275,63,5
2025-11-29T18:52:45.111000+00:00,9846,1275,55,7
2025-11-29T18:52:45.111000+00:00,9846,1275,1,5
2025-11-29T18:52:45.111000+00:00,9846,1275,63,6
2025-11-29T18:52:45.111000+00:00,9846,1275,10,4
2025-11-29T18:52:47.767000+00:00,9846,1275,55,8
2025-11-29T18:52:47.767000+00:00,9846,1275,16,9
2025-11-29T18:52:47.767000+00:00,9846,1275,12,7
2025-11-29T18:52:53.257000+00:00,9846,1275,14,8
2025-11-29T18:52:53.257000+00:00,9846,1275,55,9
2025-11-29T18:52:53.257000+00:00,9846,1275,16,10
2025-11-29T18:53:19.304000+00:00,9846,1275,14,9
2025-11-29T18:53:19.304000+00:00,9846,1275,55,4
2025-11-29T18:53:19.304000+00:00,9846,1275,1,6
2025-11-29T18:53:19.304000+00:00,9846,1275,12,8
2025-11-29T18:53:19.304000+00:00,9846,1275,63,7
2025-11-29T18:53:19.304000+00:00,9846,1275,10,5
2025-11-29T18:53:28.711000+00:00,9846,1275,55,5
2025-11-29T18:53:28.711000+00:00,9846,1275,6,4
2025-11-29T18:53:28.711000+00:00,9846,1275,1,3
2025-11-29T18:53:28.711000+00:00,9846,1275,10,6
2025-11-29T18:53:48.476000+00:00,9846,1275,55,6
2025-11-29T18:53:48.476000+00:00,9846,1275,6,5
2025-11-29T18:53:48.476000+00:00,9846,1275,1,4
2025-11-29T18:53:48.476000+00:00,9846,1275,63,3
2025-11-29T18:53:48.476000+00:00,9846,1275,10,7
2025-11-29T18:54:07.983000+00:00,9846,1275,55,7
2025-11-29T18:54:07.983000+00:00,9846,1275,12,6
2025-11-29T18:54:07.983000+00:00,9846,1275,10,8
2025-11-29T18:54:13.780000+00:00,9846,1275,14,7
2025-11-29T18:54:13.780000+00:00,9846,1275,55,8
2025-11-29T18:54:13.780000+00:00,9846,1275,10,9
2025-11-29T19:05:10.098000+00:00,9846,1275,55,9
2025-11-29T19:05:10.098000+00:00,9846,1275,16,8
2025-11-29T19:05:10.098000+00:00,9846,1275,10,10
2025-11-29T19:05:38.310000+00:00,9846,1275,81,1
2025-11-29T19:05:38.310000+00:00,9846,1275,4,2
2025-11-29T19:05:47.076000+00:00,9846,1275,55,10
2025-11-29T19:05:47.076000+00:00,9846,1275,16,9
2025-11-29T19:05:47.076000+00:00,9846,1275,10,8
2025-11-29T19:05:53.201000+00:00,9846,1275,1,3
2025-11-29T19:05:53.201000+00:00,9846,1275,63,4
2025-11-29T19:06:06.542000+00:00,9846,1275,6,6
2025-11-29T19:06:06.542000+00:00,9846,1275,12,5
2025-11-29T19:06:19.776000+00:00,9846,1275,14,8
2025-11-29T19:06:19.776000+00:00,9846,1275,55,7
2025-11-29T19:06:19.776000+00:00,9846,1275,16,10
2025-11-29T19:06:19.776000+00:00,9846,1275,10,9
