date,session_key,driver_number,meeting_key,position
2025-10-18T20:46:53.633000+00:00,9884,4,1271,1
2025-10-18T20:46:53.633000+00:00,9884,27,1271,2
2025-10-18T20:46:53.633000+00:00,9884,81,1271,3
2025-10-18T20:46:53.633000+00:00,9884,14,1271,4
2025-10-18T20:46:53.633000+00:00,9884,1,1271,5
2025-10-18T20:46:53.633000+00:00,9884,23,1271,6
2025-10-18T20:46:53.633000+00:00,9884,63,1271,7
2025-10-18T20:46:53.633000+00:00,9884,44,1271,8
2025-10-18T20:46:53.633000+00:00,9884,6,1271,9
2025-10-18T20:46:53.633000+00:00,9884,87,1271,10
2025-10-18T20:46:53.633000+00:00,9884,31,1271,11
2025-10-18T20:46:53.633000+00:00,9884,5,1271,12
2025-10-18T20:46:53.633000+00:00,9884,22,1271,13
2025-10-18T20:46:53.633000+00:00,9884,18,1271,14
2025-10-18T20:46:53.633000+00:00,9884,30,1271,15
2025-10-18T20:46:53.633000+00:00,9884,43,1271,16
2025-10-18T20:46:53.633000+00:00,9884,10,1271,17
2025-10-18T20:46:53.633000+00:00,9884,12,1271,18
2025-10-18T20:46:53.633000+00:00,9884,55,1271,19
2025-10-18T20:46:53.633000+00:00,9884,16,1271,20
2025-10-18T21:00:04.768000+00:00,9884,4,1271,2
2025-10-18T21:00:04.768000+00:00,9884,27,1271,3
2025-10-18T21:00:04.768000+00:00,9884,81,1271,4
2025-10-18T21:00:04.768000+00:00,9884,14,1271,5
2025-10-18T21:00:04.768000+00:00,9884,1,1271,6
2025-10-18T21:00:04.768000+00:00,9884,23,1271,7
2025-10-18T21:00:04.768000+00:00,9884,63,1271,8
2025-10-18T21:00:04.768000+00:00,9884,44,1271,9
2025-10-18T21:00:04.768000+00:00,9884,6,1271,10
2025-10-18T21:00:04.768000+00:00,9884,87,1271,11
2025-10-18T21:00:04.768000+00:00,9884,31,1271,1
2025-10-18T21:00:11.769000+00:00,9884,4,1271,3
2025-10-18T21:00:11.769000+00:00,9884,27,1271,4
2025-10-18T21:00:11.769000+00:00,9884,81,1271,5
2025-10-18T21:00:11.769000+00:00,9884,14,1271,6
2025-10-18T21:00:11.769000+00:00,9884,1,1271,7
2025-10-18T21:00:11.769000+00:00,9884,23,1271,8
2025-10-18T21:00:11.769000+00:00,9884,63,1271,9
2025-10-18T21:00:11.769000+00:00,9884,44,1271,10
2025-10-18T21:00:11.769000+00:00,9884,6,1271,11
2025-10-18T21:00:11.769000+00:00,9884,87,1271,12
2025-10-18T21:00:11.769000+00:00,9884,5,1271,13
2025-10-18T21:00:11.769000+00:00,9884,22,1271,14
2025-10-18T21:00:11.769000+00:00,9884,18,1271,15
2025-10-18T21:00:11.769000+00:00,9884,30,1271,16
2025-10-18T21:00:11.769000+00:00,9884,43,1271,17
2025-10-18T21:00:11.769000+00:00,9884,10,1271,2
2025-10-18T21:00:21.718000+00:00,9884,4,1271,4
2025-10-18T21:00:21.718000+00:00,9884,27,1271,5
2025-10-18T21:00:21.718000+00:00,9884,81,1271,6
2025-10-18T21:00:21.718000+00:00,9884,14,1271,7
2025-10-18T21:00:21.718000+00:00,9884,1,1271,8
2025-10-18T21:00:21.718000+00:00,9884,23,1271,9
2025-10-18T21:00:21.718000+00:00,9884,63,1271,10
2025-10-18T21:00:21.718000+00:00,9884,44,1271,11
2025-10-18T21:00:21.718000+00:00,9884,6,1271,12
2025-10-18T21:00:21.718000+00:00,9884,87,1271,13
2025-10-18T21:00:21.718000+00:00,9884,5,1271,14
2025-10-18T21:00:21.718000+00:00,9884,22,1271,15
2025-10-18T21:00:21.718000+00:00,9884,18,1271,16
2025-10-18T21:00:21.718000+00:00,9884,30,1271,17
2025-10-18T21:00:21.718000+00:00,9884,43,1271,2
2025-10-18T21:00:21.718000+00:00,9884,10,1271,3
2025-10-18T21:00:32.011000+00:00,9884,4,1271,5
2025-10-18T21:00:32.011000+00:00,9884,27,1271,6
2025-10-18T21:00:32.011000+00:00,9884,81,1271,7
2025-10-18T21:00:32.011000+00:00,9884,14,1271,8
2025-10-18T21:00:32.011000+00:00,9884,1,1271,9
2025-10-18T21:00:32.011000+00:00,9884,23,1271,10
2025-10-18T21:00:32.011000+00:00,9884,63,1271,11
2025-10-18T21:00:32.011000+00:00,9884,44,1271,12
2025-10-18T21:00:32.011000+00:00,9884,6,1271,1
2025-10-18T21:00:32.011000+00:00,9884,31,1271,2
2025-10-18T21:00:32.011000+00:00,9884,43,1271,3
2025-10-18T21:00:32.011000+00:00,9884,10,1271,4
2025-10-18T21:00:41.323000+00:00,9884,4,1271,6
2025-10-18T21:00:41.323000+00:00,9884,27,1271,7
2025-10-18T21:00:41.323000+00:00,9884,81,1271,8
2025-10-18T21:00:41.323000+00:00,9884,14,1271,9
2025-10-18T21:00:41.323000+00:00,9884,1,1271,10
2025-10-18T21:00:41.323000+00:00,9884,23,1271,11
2025-10-18T21:00:41.323000+00:00,9884,63,1271,12
2025-10-18T21:00:41.323000+00:00,9884,44,1271,13
2025-10-18T21:00:41.323000+00:00,9884,87,1271,14
2025-10-18T21:00:41.323000+00:00,9884,5,1271,15
2025-10-18T21:00:41.323000+00:00,9884,22,1271,16
2025-10-18T21:00:41.323000+00:00,9884,18,1271,17
2025-10-18T21:00:41.323000+00:00,9884,30,1271,3
2025-10-18T21:00:41.323000+00:00,9884,43,1271,4
2025-10-18T21:00:41.323000+00:00,9884,10,1271,5
2025-10-18T21:00:54.239000+00:00,9884,4,1271,7
2025-10-18T21:00:54.239000+00:00,9884,27,1271,1
2025-10-18T21:00:54.239000+00:00,9884,6,1271,2
2025-10-18T21:00:54.239000+00:00,9884,31,1271,3
2025-10-18T21:00:54.239000+00:00,9884,30,1271,4
2025-10-18T21:00:54.239000+00:00,9884,43,1271,5
2025-10-18T21:00:54.239000+00:00,9884,10,1271,6
2025-10-18T21:00:56.418000+00:00,9884,4,1271,8
2025-10-18T21:00:56.418000+00:00,9884,81,1271,9
2025-10-18T21:00:56.418000+00:00,9884,14,1271,10
2025-10-18T21:00:56.418000+00:00,9884,1,1271,11
2025-10-18T21:00:56.418000+00:00,9884,23,1271,12
2025-10-18T21:00:56.418000+00:00,9884,63,1271,2
2025-10-18T21:00:56.418000+00:00,9884,6,1271,3
2025-10-18T21:00:56.418000+00:00,9884,31,1271,4
2025-10-18T21:00:56.418000+00:00,9884,30,1271,5
2025-10-18T21:00:56.418000+00:00,9884,43,1271,6
2025-10-18T21:00:56.418000+00:00,9884,10,1271,7
2025-10-18T21:01:06.623000+00:00,9884,4,1271,9
2025-10-18T21:01:06.623000+00:00,9884,81,1271,10
2025-10-18T21:01:06.623000+00:00,9884,14,1271,11
2025-10-18T21:01:06.623000+00:00,9884,1,1271,12
2025-10-18T21:01:06.623000+00:00,9884,23,1271,13
2025-10-18T21:01:06.623000+00:00,9884,44,1271,14
2025-10-18T21:01:06.623000+00:00,9884,87,1271,4
2025-10-18T21:01:06.623000+00:00,9884,31,1271,5
2025-10-18T21:01:06.623000+00:00,9884,30,1271,6
2025-10-18T21:01:06.623000+00:00,9884,43,1271,7
2025-10-18T21:01:06.623000+00:00,9884,10,1271,8
2025-10-18T21:01:12.170000+00:00,9884,4,1271,10
2025-10-18T21:01:12.170000+00:00,9884,81,1271,11
2025-10-18T21:01:12.170000+00:00,9884,14,1271,12
2025-10-18T21:01:12.170000+00:00,9884,1,1271,13
2025-10-18T21:01:12.170000+00:00,9884,23,1271,14
2025-10-18T21:01:12.170000+00:00,9884,44,1271,15
2025-10-18T21:01:12.170000+00:00,9884,5,1271,6
2025-10-18T21:01:12.170000+00:00,9884,30,1271,7
2025-10-18T21:01:12.170000+00:00,9884,43,1271,8
2025-10-18T21:01:12.170000+00:00,9884,10,1271,9
2025-10-18T21:01:16.006000+00:00,9884,4,1271,11
2025-10-18T21:01:16.006000+00:00,9884,81,1271,12
2025-10-18T21:01:16.006000+00:00,9884,14,1271,13
2025-10-18T21:01:16.006000+00:00,9884,1,1271,14
2025-10-18T21:01:16.006000+00:00,9884,23,1271,15
2025-10-18T21:01:16.006000+00:00,9884,44,1271,16
2025-10-18T21:01:16.006000+00:00,9884,22,1271,7
2025-10-18T21:01:16.006000+00:00,9884,30,1271,8
2025-10-18T21:01:16.006000+00:00,9884,43,1271,9
2025-10-18T21:01:16.006000+00:00,9884,10,1271,10
2025-10-18T21:01:17.035000+00:00,9884,4,1271,12
2025-10-18T21:01:17.035000+00:00,9884,81,1271,13
2025-10-18T21:01:17.035000+00:00,9884,14,1271,2
2025-10-18T21:01:17.035000+00:00,9884,63,1271,3
2025-10-18T21:01:17.035000+00:00,9884,6,1271,4
2025-10-18T21:01:17.035000+00:00,9884,87,1271,5
2025-10-18T21:01:17.035000+00:00,9884,31,1271,6
2025-10-18T21:01:17.035000+00:00,9884,5,1271,7
2025-10-18T21:01:17.035000+00:00,9884,22,1271,8
2025-10-18T21:01:17.035000+00:00,9884,30,1271,9
2025-10-18T21:01:17.035000+00:00,9884,43,1271,10
2025-10-18T21:01:17.035000+00:00,9884,10,1271,11
2025-10-18T21:01:20.765000+00:00,9884,4,1271,13
2025-10-18T21:01:20.765000+00:00,9884,81,1271,14
2025-10-18T21:01:20.765000+00:00,9884,1,1271,15
2025-10-18T21:01:20.765000+00:00,9884,23,1271,16
2025-10-18T21:01:20.765000+00:00,9884,44,1271,17
2025-10-18T21:01:20.765000+00:00,9884,18,1271,9
2025-10-18T21:01:20.765000+00:00,9884,30,1271,10
2025-10-18T21:01:20.765000+00:00,9884,43,1271,11
2025-10-18T21:01:20.765000+00:00,9884,10,1271,12
2025-10-18T21:01:21.704000+00:00,9884,4,1271,14
2025-10-18T21:01:21.704000+00:00,9884,81,1271,15
2025-10-18T21:01:21.704000+00:00,9884,1,1271,16
2025-10-18T21:01:21.704000+00:00,9884,23,1271,3
2025-10-18T21:01:21.704000+00:00,9884,63,1271,4
2025-10-18T21:01:21.704000+00:00,9884,6,1271,5
2025-10-18T21:01:21.704000+00:00,9884,87,1271,6
2025-10-18T21:01:21.704000+00:00,9884,31,1271,7
2025-10-18T21:01:21.704000+00:00,9884,5,1271,8
2025-10-18T21:01:21.704000+00:00,9884,22,1271,9
2025-10-18T21:01:21.704000+00:00,9884,18,1271,10
2025-10-18T21:01:21.704000+00:00,9884,30,1271,11
2025-10-18T21:01:21.704000+00:00,9884,43,1271,12
2025-10-18T21:01:21.704000+00:00,9884,10,1271,13
2025-10-18T21:01:22.611000+00:00,9884,4,1271,15
2025-10-18T21:01:22.611000+00:00,9884,81,1271,16
2025-10-18T21:01:22.611000+00:00,9884,1,1271,17
2025-10-18T21:01:22.611000+00:00,9884,44,1271,18
2025-10-18T21:01:22.611000+00:00,9884,12,1271,19
2025-10-18T21:01:22.611000+00:00,9884,55,1271,14
2025-10-18T21:01:29.871000+00:00,9884,4,1271,16
2025-10-18T21:01:29.871000+00:00,9884,81,1271,17
2025-10-18T21:01:29.871000+00:00,9884,1,1271,18
2025-10-18T21:01:29.871000+00:00,9884,44,1271,5
2025-10-18T21:01:29.871000+00:00,9884,6,1271,6
2025-10-18T21:01:29.871000+00:00,9884,87,1271,7
2025-10-18T21:01:29.871000+00:00,9884,31,1271,8
2025-10-18T21:01:29.871000+00:00,9884,5,1271,9
2025-10-18T21:01:29.871000+00:00,9884,22,1271,10
2025-10-18T21:01:29.871000+00:00,9884,18,1271,11
2025-10-18T21:01:29.871000+00:00,9884,30,1271,12
2025-10-18T21:01:29.871000+00:00,9884,43,1271,13
2025-10-18T21:01:29.871000+00:00,9884,10,1271,14
2025-10-18T21:01:29.871000+00:00,9884,55,1271,15
2025-10-18T21:01:34.765000+00:00,9884,4,1271,17
2025-10-18T21:01:34.765000+00:00,9884,81,1271,18
2025-10-18T21:01:34.765000+00:00,9884,1,1271,19
2025-10-18T21:01:34.765000+00:00,9884,12,1271,20
2025-10-18T21:01:34.765000+00:00,9884,16,1271,16
2025-10-18T21:01:53.565000+00:00,9884,4,1271,1
2025-10-18T21:01:53.565000+00:00,9884,27,1271,2
2025-10-18T21:01:53.565000+00:00,9884,14,1271,3
2025-10-18T21:01:53.565000+00:00,9884,23,1271,4
2025-10-18T21:01:53.565000+00:00,9884,63,1271,5
2025-10-18T21:01:53.565000+00:00,9884,44,1271,6
2025-10-18T21:01:53.565000+00:00,9884,6,1271,7
2025-10-18T21:01:53.565000+00:00,9884,87,1271,8
2025-10-18T21:01:53.565000+00:00,9884,31,1271,9
2025-10-18T21:01:53.565000+00:00,9884,5,1271,10
2025-10-18T21:01:53.565000+00:00,9884,22,1271,11
2025-10-18T21:01:53.565000+00:00,9884,18,1271,12
2025-10-18T21:01:53.565000+00:00,9884,30,1271,13
2025-10-18T21:01:53.565000+00:00,9884,43,1271,14
2025-10-18T21:01:53.565000+00:00,9884,10,1271,15
2025-10-18T21:01:53.565000+00:00,9884,55,1271,16
2025-10-18T21:01:53.565000+00:00,9884,16,1271,17
2025-10-18T21:02:00.482000+00:00,9884,4,1271,2
2025-10-18T21:02:00.482000+00:00,9884,27,1271,3
2025-10-18T21:02:00.482000+00:00,9884,14,1271,4
2025-10-18T21:02:00.482000+00:00,9884,23,1271,5
2025-10-18T21:02:00.482000+00:00,9884,63,1271,6
2025-10-18T21:02:00.482000+00:00,9884,44,1271,7
2025-10-18T21:02:00.482000+00:00,9884,6,1271,8
2025-10-18T21:02:00.482000+00:00,9884,87,1271,9
2025-10-18T21:02:00.482000+00:00,9884,31,1271,1
2025-10-18T21:02:03.694000+00:00,9884,81,1271,4
2025-10-18T21:02:03.694000+00:00,9884,14,1271,5
2025-10-18T21:02:03.694000+00:00,9884,23,1271,6
2025-10-18T21:02:03.694000+00:00,9884,63,1271,7
2025-10-18T21:02:03.694000+00:00,9884,44,1271,8
2025-10-18T21:02:03.694000+00:00,9884,6,1271,9
2025-10-18T21:02:03.694000+00:00,9884,87,1271,10
2025-10-18T21:02:03.694000+00:00,9884,5,1271,11
2025-10-18T21:02:03.694000+00:00,9884,22,1271,12
2025-10-18T21:02:03.694000+00:00,9884,18,1271,13
2025-10-18T21:02:03.694000+00:00,9884,30,1271,14
2025-10-18T21:02:03.694000+00:00,9884,43,1271,15
2025-10-18T21:02:03.694000+00:00,9884,10,1271,16
2025-10-18T21:02:03.694000+00:00,9884,55,1271,17
2025-10-18T21:02:03.694000+00:00,9884,16,1271,18
2025-10-18T21:02:10.614000+00:00,9884,4,1271,3
2025-10-18T21:02:10.614000+00:00,9884,27,1271,4
2025-10-18T21:02:10.614000+00:00,9884,81,1271,5
2025-10-18T21:02:10.614000+00:00,9884,14,1271,6
2025-10-18T21:02:10.614000+00:00,9884,23,1271,7
2025-10-18T21:02:10.614000+00:00,9884,63,1271,8
2025-10-18T21:02:10.614000+00:00,9884,44,1271,9
2025-10-18T21:02:10.614000+00:00,9884,6,1271,10
2025-10-18T21:02:10.614000+00:00,9884,87,1271,11
2025-10-18T21:02:10.614000+00:00,9884,5,1271,12
2025-10-18T21:02:10.614000+00:00,9884,22,1271,13
2025-10-18T21:02:10.614000+00:00,9884,18,1271,14
2025-10-18T21:02:10.614000+00:00,9884,30,1271,15
2025-10-18T21:02:10.614000+00:00,9884,43,1271,16
2025-10-18T21:02:10.614000+00:00,9884,10,1271,2
2025-10-18T21:02:19.094000+00:00,9884,4,1271,4
2025-10-18T21:02:19.094000+00:00,9884,27,1271,5
2025-10-18T21:02:19.094000+00:00,9884,81,1271,6
2025-10-18T21:02:19.094000+00:00,9884,14,1271,7
2025-10-18T21:02:19.094000+00:00,9884,23,1271,8
2025-10-18T21:02:19.094000+00:00,9884,63,1271,9
2025-10-18T21:02:19.094000+00:00,9884,44,1271,10
2025-10-18T21:02:19.094000+00:00,9884,6,1271,11
2025-10-18T21:02:19.094000+00:00,9884,87,1271,12
2025-10-18T21:02:19.094000+00:00,9884,5,1271,13
2025-10-18T21:02:19.094000+00:00,9884,22,1271,14
2025-10-18T21:02:19.094000+00:00,9884,18,1271,15
2025-10-18T21:02:19.094000+00:00,9884,30,1271,16
2025-10-18T21:02:19.094000+00:00,9884,43,1271,2
2025-10-18T21:02:19.094000+00:00,9884,10,1271,3
2025-10-18T21:02:27.805000+00:00,9884,4,1271,5
2025-10-18T21:02:27.805000+00:00,9884,27,1271,6
2025-10-18T21:02:27.805000+00:00,9884,81,1271,7
2025-10-18T21:02:27.805000+00:00,9884,14,1271,8
2025-10-18T21:02:27.805000+00:00,9884,23,1271,9
2025-10-18T21:02:27.805000+00:00,9884,63,1271,10
2025-10-18T21:02:27.805000+00:00,9884,44,1271,11
2025-10-18T21:02:27.805000+00:00,9884,6,1271,1
2025-10-18T21:02:27.805000+00:00,9884,31,1271,2
2025-10-18T21:02:27.805000+00:00,9884,43,1271,3
2025-10-18T21:02:27.805000+00:00,9884,10,1271,4
2025-10-18T21:02:39.869000+00:00,9884,4,1271,6
2025-10-18T21:02:39.869000+00:00,9884,27,1271,7
2025-10-18T21:02:39.869000+00:00,9884,81,1271,8
2025-10-18T21:02:39.869000+00:00,9884,14,1271,9
2025-10-18T21:02:39.869000+00:00,9884,23,1271,10
2025-10-18T21:02:39.869000+00:00,9884,63,1271,11
2025-10-18T21:02:39.869000+00:00,9884,44,1271,12
2025-10-18T21:02:39.869000+00:00,9884,87,1271,13
2025-10-18T21:02:39.869000+00:00,9884,5,1271,14
2025-10-18T21:02:39.869000+00:00,9884,22,1271,15
2025-10-18T21:02:39.869000+00:00,9884,18,1271,16
2025-10-18T21:02:39.869000+00:00,9884,30,1271,3
2025-10-18T21:02:39.869000+00:00,9884,43,1271,4
2025-10-18T21:02:39.869000+00:00,9884,10,1271,5
2025-10-18T21:02:47.355000+00:00,9884,4,1271,7
2025-10-18T21:02:47.355000+00:00,9884,27,1271,1
2025-10-18T21:02:47.355000+00:00,9884,6,1271,2
2025-10-18T21:02:47.355000+00:00,9884,31,1271,3
2025-10-18T21:02:47.355000+00:00,9884,30,1271,4
2025-10-18T21:02:47.355000+00:00,9884,43,1271,5
2025-10-18T21:02:47.355000+00:00,9884,10,1271,6
2025-10-18T21:02:54.174000+00:00,9884,4,1271,8
2025-10-18T21:02:54.174000+00:00,9884,81,1271,9
2025-10-18T21:02:54.174000+00:00,9884,14,1271,10
2025-10-18T21:02:54.174000+00:00,9884,23,1271,11
2025-10-18T21:02:54.174000+00:00,9884,63,1271,12
2025-10-18T21:02:54.174000+00:00,9884,44,1271,13
2025-10-18T21:02:54.174000+00:00,9884,87,1271,3
2025-10-18T21:02:54.174000+00:00,9884,31,1271,4
2025-10-18T21:02:54.174000+00:00,9884,30,1271,5
2025-10-18T21:02:54.174000+00:00,9884,43,1271,6
2025-10-18T21:02:54.174000+00:00,9884,10,1271,7
2025-10-18T21:02:58.569000+00:00,9884,4,1271,9
2025-10-18T21:02:58.569000+00:00,9884,81,1271,10
2025-10-18T21:02:58.569000+00:00,9884,14,1271,2
2025-10-18T21:02:58.569000+00:00,9884,6,1271,3
2025-10-18T21:02:58.569000+00:00,9884,87,1271,4
2025-10-18T21:02:58.569000+00:00,9884,31,1271,5
2025-10-18T21:02:58.569000+00:00,9884,30,1271,6
2025-10-18T21:02:58.569000+00:00,9884,43,1271,7
2025-10-18T21:02:58.569000+00:00,9884,10,1271,8
2025-10-18T21:03:06.381000+00:00,9884,4,1271,10
2025-10-18T21:03:06.381000+00:00,9884,81,1271,11
2025-10-18T21:03:06.381000+00:00,9884,23,1271,12
2025-10-18T21:03:06.381000+00:00,9884,63,1271,13
2025-10-18T21:03:06.381000+00:00,9884,44,1271,14
2025-10-18T21:03:06.381000+00:00,9884,5,1271,6
2025-10-18T21:03:06.381000+00:00,9884,30,1271,7
2025-10-18T21:03:06.381000+00:00,9884,43,1271,8
2025-10-18T21:03:06.381000+00:00,9884,10,1271,9
2025-10-18T21:16:00.697000+00:00,9884,1,1271,20
2025-10-18T21:16:00.697000+00:00,9884,12,1271,17
2025-10-18T21:16:00.697000+00:00,9884,55,1271,18
2025-10-18T21:16:00.697000+00:00,9884,16,1271,19
2025-10-18T21:16:09.344000+00:00,9884,4,1271,11
2025-10-18T21:16:09.344000+00:00,9884,81,1271,12
2025-10-18T21:16:09.344000+00:00,9884,23,1271,3
2025-10-18T21:16:09.344000+00:00,9884,6,1271,4
2025-10-18T21:16:09.344000+00:00,9884,87,1271,5
2025-10-18T21:16:09.344000+00:00,9884,31,1271,6
2025-10-18T21:16:09.344000+00:00,9884,5,1271,7
2025-10-18T21:16:09.344000+00:00,9884,30,1271,8
2025-10-18T21:16:09.344000+00:00,9884,43,1271,9
2025-10-18T21:16:09.344000+00:00,9884,10,1271,10
2025-10-18T21:16:12.112000+00:00,9884,1,1271,13
2025-10-18T21:16:12.112000+00:00,9884,63,1271,14
2025-10-18T21:16:12.112000+00:00,9884,44,1271,15
2025-10-18T21:16:12.112000+00:00,9884,22,1271,16
2025-10-18T21:16:12.112000+00:00,9884,18,1271,17
2025-10-18T21:16:12.112000+00:00,9884,12,1271,18
2025-10-18T21:16:12.112000+00:00,9884,55,1271,19
2025-10-18T21:16:12.112000+00:00,9884,16,1271,20
2025-10-18T21:16:18.535000+00:00,9884,4,1271,12
2025-10-18T21:16:18.535000+00:00,9884,81,1271,13
2025-10-18T21:16:18.535000+00:00,9884,1,1271,14
2025-10-18T21:16:18.535000+00:00,9884,63,1271,15
2025-10-18T21:16:18.535000+00:00,9884,44,1271,16
2025-10-18T21:16:18.535000+00:00,9884,22,1271,17
2025-10-18T21:16:18.535000+00:00,9884,18,1271,18
2025-10-18T21:16:18.535000+00:00,9884,12,1271,19
2025-10-18T21:16:18.535000+00:00,9884,55,1271,11
2025-10-18T21:17:33.583000+00:00,9884,4,1271,13
2025-10-18T21:17:33.583000+00:00,9884,81,1271,14
2025-10-18T21:17:33.583000+00:00,9884,1,1271,15
2025-10-18T21:17:33.583000+00:00,9884,63,1271,16
2025-10-18T21:17:33.583000+00:00,9884,44,1271,17
2025-10-18T21:17:33.583000+00:00,9884,22,1271,18
2025-10-18T21:17:33.583000+00:00,9884,18,1271,8
2025-10-18T21:17:33.583000+00:00,9884,30,1271,9
2025-10-18T21:17:33.583000+00:00,9884,43,1271,10
2025-10-18T21:17:33.583000+00:00,9884,10,1271,11
2025-10-18T21:17:33.583000+00:00,9884,55,1271,12
2025-10-18T21:17:36.814000+00:00,9884,14,1271,3
2025-10-18T21:17:36.814000+00:00,9884,23,1271,4
2025-10-18T21:17:36.814000+00:00,9884,6,1271,5
2025-10-18T21:17:36.814000+00:00,9884,87,1271,6
2025-10-18T21:17:36.814000+00:00,9884,31,1271,7
2025-10-18T21:17:36.814000+00:00,9884,5,1271,2
2025-10-18T21:17:42.273000+00:00,9884,4,1271,14
2025-10-18T21:17:42.273000+00:00,9884,81,1271,15
2025-10-18T21:17:42.273000+00:00,9884,1,1271,16
2025-10-18T21:17:42.273000+00:00,9884,63,1271,5
2025-10-18T21:17:42.273000+00:00,9884,6,1271,6
2025-10-18T21:17:42.273000+00:00,9884,87,1271,7
2025-10-18T21:17:42.273000+00:00,9884,31,1271,8
2025-10-18T21:17:42.273000+00:00,9884,18,1271,9
2025-10-18T21:17:42.273000+00:00,9884,30,1271,10
2025-10-18T21:17:42.273000+00:00,9884,43,1271,11
2025-10-18T21:17:42.273000+00:00,9884,10,1271,12
2025-10-18T21:17:42.273000+00:00,9884,55,1271,13
2025-10-18T21:18:00.205000+00:00,9884,4,1271,15
2025-10-18T21:18:00.205000+00:00,9884,81,1271,16
2025-10-18T21:18:00.205000+00:00,9884,1,1271,17
2025-10-18T21:18:00.205000+00:00,9884,44,1271,18
2025-10-18T21:18:00.205000+00:00,9884,22,1271,19
2025-10-18T21:18:00.205000+00:00,9884,12,1271,13
2025-10-18T21:18:00.205000+00:00,9884,55,1271,14
2025-10-18T21:18:07.785000+00:00,9884,14,1271,4
2025-10-18T21:18:07.785000+00:00,9884,23,1271,5
2025-10-18T21:18:07.785000+00:00,9884,63,1271,6
2025-10-18T21:18:07.785000+00:00,9884,6,1271,7
2025-10-18T21:18:07.785000+00:00,9884,87,1271,2
2025-10-18T21:18:07.785000+00:00,9884,5,1271,3
2025-10-18T21:18:09.169000+00:00,9884,4,1271,16
2025-10-18T21:18:09.169000+00:00,9884,81,1271,17
2025-10-18T21:18:09.169000+00:00,9884,1,1271,5
2025-10-18T21:18:09.169000+00:00,9884,23,1271,6
2025-10-18T21:18:09.169000+00:00,9884,63,1271,7
2025-10-18T21:18:09.169000+00:00,9884,6,1271,8
2025-10-18T21:18:09.169000+00:00,9884,31,1271,9
2025-10-18T21:18:09.169000+00:00,9884,18,1271,10
2025-10-18T21:18:09.169000+00:00,9884,30,1271,11
2025-10-18T21:18:09.169000+00:00,9884,43,1271,12
2025-10-18T21:18:09.169000+00:00,9884,10,1271,13
2025-10-18T21:18:09.169000+00:00,9884,12,1271,14
2025-10-18T21:18:09.169000+00:00,9884,55,1271,15
2025-10-18T21:18:23.171000+00:00,9884,14,1271,5
2025-10-18T21:18:23.171000+00:00,9884,1,1271,6
2025-10-18T21:18:23.171000+00:00,9884,23,1271,7
2025-10-18T21:18:23.171000+00:00,9884,63,1271,8
2025-10-18T21:18:23.171000+00:00,9884,6,1271,9
2025-10-18T21:18:23.171000+00:00,9884,31,1271,3
2025-10-18T21:18:23.171000+00:00,9884,5,1271,4
2025-10-18T21:18:25.713000+00:00,9884,4,1271,17
2025-10-18T21:18:25.713000+00:00,9884,81,1271,18
2025-10-18T21:18:25.713000+00:00,9884,44,1271,19
2025-10-18T21:18:25.713000+00:00,9884,22,1271,20
2025-10-18T21:18:25.713000+00:00,9884,16,1271,16
2025-10-18T21:18:34.957000+00:00,9884,27,1271,2
2025-10-18T21:18:34.957000+00:00,9884,14,1271,6
2025-10-18T21:18:34.957000+00:00,9884,1,1271,7
2025-10-18T21:18:34.957000+00:00,9884,23,1271,8
2025-10-18T21:18:34.957000+00:00,9884,63,1271,9
2025-10-18T21:18:34.957000+00:00,9884,6,1271,10
2025-10-18T21:18:34.957000+00:00,9884,87,1271,3
2025-10-18T21:18:34.957000+00:00,9884,31,1271,4
2025-10-18T21:18:34.957000+00:00,9884,5,1271,5
2025-10-18T21:18:34.957000+00:00,9884,18,1271,11
2025-10-18T21:18:34.957000+00:00,9884,30,1271,1
2025-10-18T21:18:41.339000+00:00,9884,4,1271,18
2025-10-18T21:18:41.339000+00:00,9884,81,1271,19
2025-10-18T21:18:41.339000+00:00,9884,44,1271,20
2025-10-18T21:18:41.339000+00:00,9884,22,1271,11
2025-10-18T21:18:41.339000+00:00,9884,18,1271,12
2025-10-18T21:18:41.339000+00:00,9884,43,1271,13
2025-10-18T21:18:41.339000+00:00,9884,10,1271,14
2025-10-18T21:18:41.339000+00:00,9884,12,1271,15
2025-10-18T21:18:41.339000+00:00,9884,55,1271,16
2025-10-18T21:18:41.339000+00:00,9884,16,1271,17
2025-10-18T21:18:48.921000+00:00,9884,27,1271,3
2025-10-18T21:18:48.921000+00:00,9884,14,1271,1
2025-10-18T21:18:48.921000+00:00,9884,87,1271,4
2025-10-18T21:18:48.921000+00:00,9884,31,1271,5
2025-10-18T21:18:48.921000+00:00,9884,5,1271,6
2025-10-18T21:18:48.921000+00:00,9884,30,1271,2
2025-10-18T21:18:58.167000+00:00,9884,1,1271,8
2025-10-18T21:18:58.167000+00:00,9884,23,1271,9
2025-10-18T21:18:58.167000+00:00,9884,63,1271,10
2025-10-18T21:18:58.167000+00:00,9884,6,1271,11
2025-10-18T21:18:58.167000+00:00,9884,5,1271,7
2025-10-18T21:18:58.167000+00:00,9884,22,1271,12
2025-10-18T21:18:58.167000+00:00,9884,18,1271,13
2025-10-18T21:18:58.167000+00:00,9884,43,1271,6
2025-10-18T21:19:07.216000+00:00,9884,1,1271,9
2025-10-18T21:19:07.216000+00:00,9884,23,1271,10
2025-10-18T21:19:07.216000+00:00,9884,63,1271,11
2025-10-18T21:19:07.216000+00:00,9884,6,1271,12
2025-10-18T21:19:07.216000+00:00,9884,5,1271,8
2025-10-18T21:19:07.216000+00:00,9884,22,1271,13
2025-10-18T21:19:07.216000+00:00,9884,18,1271,6
2025-10-18T21:19:07.216000+00:00,9884,43,1271,7
2025-10-18T21:19:16.284000+00:00,9884,27,1271,4
2025-10-18T21:19:16.284000+00:00,9884,1,1271,10
2025-10-18T21:19:16.284000+00:00,9884,23,1271,11
2025-10-18T21:19:16.284000+00:00,9884,63,1271,2
2025-10-18T21:19:16.284000+00:00,9884,87,1271,5
2025-10-18T21:19:16.284000+00:00,9884,31,1271,6
2025-10-18T21:19:16.284000+00:00,9884,5,1271,9
2025-10-18T21:19:16.284000+00:00,9884,18,1271,7
2025-10-18T21:19:16.284000+00:00,9884,30,1271,3
2025-10-18T21:19:16.284000+00:00,9884,43,1271,8
2025-10-18T21:19:17.085000+00:00,9884,4,1271,19
2025-10-18T21:19:17.085000+00:00,9884,81,1271,20
2025-10-18T21:19:17.085000+00:00,9884,44,1271,12
2025-10-18T21:19:17.085000+00:00,9884,6,1271,13
2025-10-18T21:19:17.085000+00:00,9884,22,1271,14
2025-10-18T21:19:17.085000+00:00,9884,10,1271,15
2025-10-18T21:19:17.085000+00:00,9884,12,1271,16
2025-10-18T21:19:17.085000+00:00,9884,55,1271,17
2025-10-18T21:19:17.085000+00:00,9884,16,1271,18
2025-10-18T21:19:28.297000+00:00,9884,4,1271,20
2025-10-18T21:19:28.297000+00:00,9884,81,1271,10
2025-10-18T21:19:28.297000+00:00,9884,1,1271,11
2025-10-18T21:19:28.297000+00:00,9884,23,1271,12
2025-10-18T21:19:28.297000+00:00,9884,44,1271,13
2025-10-18T21:19:28.297000+00:00,9884,6,1271,14
2025-10-18T21:19:28.297000+00:00,9884,22,1271,15
2025-10-18T21:19:28.297000+00:00,9884,10,1271,16
2025-10-18T21:19:28.297000+00:00,9884,12,1271,17
2025-10-18T21:19:28.297000+00:00,9884,55,1271,18
2025-10-18T21:19:28.297000+00:00,9884,16,1271,19
2025-10-18T21:19:35.743000+00:00,9884,27,1271,5
2025-10-18T21:19:35.743000+00:00,9884,81,1271,11
2025-10-18T21:19:35.743000+00:00,9884,1,1271,12
2025-10-18T21:19:35.743000+00:00,9884,23,1271,13
2025-10-18T21:19:35.743000+00:00,9884,44,1271,14
2025-10-18T21:19:35.743000+00:00,9884,6,1271,15
2025-10-18T21:19:35.743000+00:00,9884,87,1271,6
2025-10-18T21:19:35.743000+00:00,9884,31,1271,7
2025-10-18T21:19:35.743000+00:00,9884,5,1271,10
2025-10-18T21:19:35.743000+00:00,9884,22,1271,16
2025-10-18T21:19:35.743000+00:00,9884,18,1271,8
2025-10-18T21:19:35.743000+00:00,9884,30,1271,4
2025-10-18T21:19:35.743000+00:00,9884,43,1271,9
2025-10-18T21:19:35.743000+00:00,9884,10,1271,17
2025-10-18T21:19:35.743000+00:00,9884,12,1271,3
2025-10-18T21:19:42.745000+00:00,9884,27,1271,6
2025-10-18T21:19:42.745000+00:00,9884,81,1271,12
2025-10-18T21:19:42.745000+00:00,9884,14,1271,2
2025-10-18T21:19:42.745000+00:00,9884,1,1271,1
2025-10-18T21:19:42.745000+00:00,9884,63,1271,3
2025-10-18T21:19:42.745000+00:00,9884,87,1271,7
2025-10-18T21:19:42.745000+00:00,9884,31,1271,8
2025-10-18T21:19:42.745000+00:00,9884,5,1271,11
2025-10-18T21:19:42.745000+00:00,9884,18,1271,9
2025-10-18T21:19:42.745000+00:00,9884,30,1271,5
2025-10-18T21:19:42.745000+00:00,9884,43,1271,10
2025-10-18T21:19:42.745000+00:00,9884,12,1271,4
2025-10-18T21:19:59.258000+00:00,9884,27,1271,7
2025-10-18T21:19:59.258000+00:00,9884,81,1271,13
2025-10-18T21:19:59.258000+00:00,9884,14,1271,3
2025-10-18T21:19:59.258000+00:00,9884,1,1271,2
2025-10-18T21:19:59.258000+00:00,9884,23,1271,14
2025-10-18T21:19:59.258000+00:00,9884,63,1271,4
2025-10-18T21:19:59.258000+00:00,9884,44,1271,15
2025-10-18T21:19:59.258000+00:00,9884,6,1271,16
2025-10-18T21:19:59.258000+00:00,9884,87,1271,8
2025-10-18T21:19:59.258000+00:00,9884,31,1271,9
2025-10-18T21:19:59.258000+00:00,9884,5,1271,12
2025-10-18T21:19:59.258000+00:00,9884,22,1271,17
2025-10-18T21:19:59.258000+00:00,9884,18,1271,10
2025-10-18T21:19:59.258000+00:00,9884,30,1271,6
2025-10-18T21:19:59.258000+00:00,9884,43,1271,11
2025-10-18T21:19:59.258000+00:00,9884,10,1271,18
2025-10-18T21:19:59.258000+00:00,9884,12,1271,5
2025-10-18T21:19:59.258000+00:00,9884,55,1271,19
2025-10-18T21:19:59.258000+00:00,9884,16,1271,1
2025-10-18T21:20:07.278000+00:00,9884,27,1271,8
2025-10-18T21:20:07.278000+00:00,9884,81,1271,14
2025-10-18T21:20:07.278000+00:00,9884,23,1271,15
2025-10-18T21:20:07.278000+00:00,9884,44,1271,16
2025-10-18T21:20:07.278000+00:00,9884,6,1271,17
2025-10-18T21:20:07.278000+00:00,9884,87,1271,9
2025-10-18T21:20:07.278000+00:00,9884,31,1271,10
2025-10-18T21:20:07.278000+00:00,9884,5,1271,13
2025-10-18T21:20:07.278000+00:00,9884,22,1271,18
2025-10-18T21:20:07.278000+00:00,9884,18,1271,11
2025-10-18T21:20:07.278000+00:00,9884,30,1271,7
2025-10-18T21:20:07.278000+00:00,9884,43,1271,12
2025-10-18T21:20:07.278000+00:00,9884,10,1271,6
2025-10-18T21:20:15.516000+00:00,9884,27,1271,9
2025-10-18T21:20:15.516000+00:00,9884,81,1271,15
2025-10-18T21:20:15.516000+00:00,9884,23,1271,16
2025-10-18T21:20:15.516000+00:00,9884,44,1271,17
2025-10-18T21:20:15.516000+00:00,9884,6,1271,18
2025-10-18T21:20:15.516000+00:00,9884,87,1271,10
2025-10-18T21:20:15.516000+00:00,9884,31,1271,11
2025-10-18T21:20:15.516000+00:00,9884,5,1271,14
2025-10-18T21:20:15.516000+00:00,9884,22,1271,8
2025-10-18T21:20:15.516000+00:00,9884,18,1271,12
2025-10-18T21:20:15.516000+00:00,9884,43,1271,13
2025-10-18T21:20:50.858000+00:00,9884,27,1271,10
2025-10-18T21:20:50.858000+00:00,9884,81,1271,16
2025-10-18T21:20:50.858000+00:00,9884,14,1271,4
2025-10-18T21:20:50.858000+00:00,9884,23,1271,17
2025-10-18T21:20:50.858000+00:00,9884,63,1271,5
2025-10-18T21:20:50.858000+00:00,9884,44,1271,3
2025-10-18T21:20:50.858000+00:00,9884,87,1271,11
2025-10-18T21:20:50.858000+00:00,9884,31,1271,12
2025-10-18T21:20:50.858000+00:00,9884,5,1271,15
2025-10-18T21:20:50.858000+00:00,9884,22,1271,9
2025-10-18T21:20:50.858000+00:00,9884,18,1271,13
2025-10-18T21:20:50.858000+00:00,9884,30,1271,8
2025-10-18T21:20:50.858000+00:00,9884,43,1271,14
2025-10-18T21:20:50.858000+00:00,9884,10,1271,7
2025-10-18T21:20:50.858000+00:00,9884,12,1271,6
2025-10-18T21:21:02.113000+00:00,9884,27,1271,11
2025-10-18T21:21:02.113000+00:00,9884,81,1271,5
2025-10-18T21:21:02.113000+00:00,9884,63,1271,6
2025-10-18T21:21:02.113000+00:00,9884,87,1271,12
2025-10-18T21:21:02.113000+00:00,9884,31,1271,13
2025-10-18T21:21:02.113000+00:00,9884,5,1271,16
2025-10-18T21:21:02.113000+00:00,9884,22,1271,10
2025-10-18T21:21:02.113000+00:00,9884,18,1271,14
2025-10-18T21:21:02.113000+00:00,9884,30,1271,9
2025-10-18T21:21:02.113000+00:00,9884,43,1271,15
2025-10-18T21:21:02.113000+00:00,9884,10,1271,8
2025-10-18T21:21:02.113000+00:00,9884,12,1271,7
2025-10-18T21:21:04.769000+00:00,9884,4,1271,17
2025-10-18T21:21:04.769000+00:00,9884,23,1271,18
2025-10-18T21:21:04.769000+00:00,9884,6,1271,19
2025-10-18T21:21:04.769000+00:00,9884,55,1271,20
2025-10-18T21:21:53.669000+00:00,9884,4,1271,18
2025-10-18T21:21:53.669000+00:00,9884,23,1271,16
2025-10-18T21:21:53.669000+00:00,9884,5,1271,17
2025-10-18T21:22:16.360000+00:00,9884,4,1271,19
2025-10-18T21:22:16.360000+00:00,9884,27,1271,12
2025-10-18T21:22:16.360000+00:00,9884,81,1271,6
2025-10-18T21:22:16.360000+00:00,9884,14,1271,5
2025-10-18T21:22:16.360000+00:00,9884,23,1271,17
2025-10-18T21:22:16.360000+00:00,9884,63,1271,7
2025-10-18T21:22:16.360000+00:00,9884,6,1271,20
2025-10-18T21:22:16.360000+00:00,9884,87,1271,13
2025-10-18T21:22:16.360000+00:00,9884,31,1271,14
2025-10-18T21:22:16.360000+00:00,9884,5,1271,18
2025-10-18T21:22:16.360000+00:00,9884,22,1271,11
2025-10-18T21:22:16.360000+00:00,9884,18,1271,15
2025-10-18T21:22:16.360000+00:00,9884,30,1271,10
2025-10-18T21:22:16.360000+00:00,9884,43,1271,16
2025-10-18T21:22:16.360000+00:00,9884,10,1271,9
2025-10-18T21:22:16.360000+00:00,9884,12,1271,8
2025-10-18T21:22:16.360000+00:00,9884,55,1271,4
2025-10-18T21:24:38.509000+00:00,9884,4,1271,7
2025-10-18T21:24:38.509000+00:00,9884,27,1271,13
2025-10-18T21:24:38.509000+00:00,9884,23,1271,18
2025-10-18T21:24:38.509000+00:00,9884,63,1271,8
2025-10-18T21:24:38.509000+00:00,9884,87,1271,14
2025-10-18T21:24:38.509000+00:00,9884,31,1271,15
2025-10-18T21:24:38.509000+00:00,9884,5,1271,19
2025-10-18T21:24:38.509000+00:00,9884,22,1271,12
2025-10-18T21:24:38.509000+00:00,9884,18,1271,16
2025-10-18T21:24:38.509000+00:00,9884,30,1271,11
2025-10-18T21:24:38.509000+00:00,9884,43,1271,17
2025-10-18T21:24:38.509000+00:00,9884,10,1271,10
2025-10-18T21:24:38.509000+00:00,9884,12,1271,9
2025-10-18T21:25:54.646000+00:00,9884,4,1271,8
2025-10-18T21:25:54.646000+00:00,9884,81,1271,7
2025-10-18T21:25:54.646000+00:00,9884,14,1271,6
2025-10-18T21:25:54.646000+00:00,9884,1,1271,3
2025-10-18T21:25:54.646000+00:00,9884,63,1271,1
2025-10-18T21:25:54.646000+00:00,9884,44,1271,4
2025-10-18T21:25:54.646000+00:00,9884,55,1271,5
2025-10-18T21:25:54.646000+00:00,9884,16,1271,2
2025-10-18T21:26:18.259000+00:00,9884,22,1271,9
2025-10-18T21:26:18.259000+00:00,9884,30,1271,12
2025-10-18T21:26:18.259000+00:00,9884,10,1271,11
2025-10-18T21:26:18.259000+00:00,9884,12,1271,10
2025-10-18T21:26:24.799000+00:00,9884,4,1271,9
2025-10-18T21:26:24.799000+00:00,9884,81,1271,8
2025-10-18T21:26:24.799000+00:00,9884,14,1271,7
2025-10-18T21:26:24.799000+00:00,9884,1,1271,4
2025-10-18T21:26:24.799000+00:00,9884,44,1271,5
2025-10-18T21:26:24.799000+00:00,9884,22,1271,10
2025-10-18T21:26:24.799000+00:00,9884,12,1271,2
2025-10-18T21:26:24.799000+00:00,9884,55,1271,6
2025-10-18T21:26:24.799000+00:00,9884,16,1271,3
2025-10-18T21:27:32.854000+00:00,9884,1,1271,1
2025-10-18T21:27:32.854000+00:00,9884,63,1271,2
2025-10-18T21:27:32.854000+00:00,9884,12,1271,3
2025-10-18T21:27:32.854000+00:00,9884,16,1271,4
2025-10-18T21:27:46.615000+00:00,9884,27,1271,14
2025-10-18T21:27:46.615000+00:00,9884,87,1271,10
2025-10-18T21:27:46.615000+00:00,9884,22,1271,11
2025-10-18T21:27:46.615000+00:00,9884,30,1271,13
2025-10-18T21:27:46.615000+00:00,9884,10,1271,12
2025-10-18T21:27:53.369000+00:00,9884,4,1271,10
2025-10-18T21:27:53.369000+00:00,9884,27,1271,5
2025-10-18T21:27:53.369000+00:00,9884,81,1271,9
2025-10-18T21:27:53.369000+00:00,9884,14,1271,8
2025-10-18T21:27:53.369000+00:00,9884,44,1271,6
2025-10-18T21:27:53.369000+00:00,9884,87,1271,11
2025-10-18T21:27:53.369000+00:00,9884,22,1271,12
2025-10-18T21:27:53.369000+00:00,9884,30,1271,14
2025-10-18T21:27:53.369000+00:00,9884,10,1271,13
2025-10-18T21:27:53.369000+00:00,9884,55,1271,7
2025-10-18T21:28:07.521000+00:00,9884,23,1271,19
2025-10-18T21:28:07.521000+00:00,9884,31,1271,16
2025-10-18T21:28:07.521000+00:00,9884,5,1271,14
2025-10-18T21:28:07.521000+00:00,9884,18,1271,17
2025-10-18T21:28:07.521000+00:00,9884,30,1271,15
2025-10-18T21:28:07.521000+00:00,9884,43,1271,18
2025-10-18T21:28:17.700000+00:00,9884,87,1271,12
2025-10-18T21:28:17.700000+00:00,9884,31,1271,17
2025-10-18T21:28:17.700000+00:00,9884,5,1271,15
2025-10-18T21:28:17.700000+00:00,9884,22,1271,13
2025-10-18T21:28:17.700000+00:00,9884,18,1271,11
2025-10-18T21:28:17.700000+00:00,9884,30,1271,16
2025-10-18T21:28:17.700000+00:00,9884,10,1271,14
2025-10-18T21:28:26.078000+00:00,9884,31,1271,16
2025-10-18T21:28:26.078000+00:00,9884,30,1271,17
2025-10-18T21:28:42.874000+00:00,9884,87,1271,11
2025-10-18T21:28:42.874000+00:00,9884,31,1271,15
2025-10-18T21:28:42.874000+00:00,9884,5,1271,14
2025-10-18T21:28:42.874000+00:00,9884,22,1271,12
2025-10-18T21:28:42.874000+00:00,9884,18,1271,17
2025-10-18T21:28:42.874000+00:00,9884,30,1271,16
2025-10-18T21:28:42.874000+00:00,9884,10,1271,13
2025-10-18T21:28:42.926000+00:00,9884,4,1271,11
2025-10-18T21:28:42.926000+00:00,9884,27,1271,6
2025-10-18T21:28:42.926000+00:00,9884,81,1271,10
2025-10-18T21:28:42.926000+00:00,9884,14,1271,9
2025-10-18T21:28:42.926000+00:00,9884,44,1271,7
2025-10-18T21:28:42.926000+00:00,9884,87,1271,12
2025-10-18T21:28:42.926000+00:00,9884,31,1271,16
2025-10-18T21:28:42.926000+00:00,9884,5,1271,15
2025-10-18T21:28:42.926000+00:00,9884,22,1271,13
2025-10-18T21:28:42.926000+00:00,9884,30,1271,5
2025-10-18T21:28:42.926000+00:00,9884,10,1271,14
2025-10-18T21:28:42.926000+00:00,9884,55,1271,8
2025-10-18T21:28:51.505000+00:00,9884,4,1271,12
2025-10-18T21:28:51.505000+00:00,9884,81,1271,11
2025-10-18T21:28:51.505000+00:00,9884,14,1271,10
2025-10-18T21:28:51.505000+00:00,9884,44,1271,8
2025-10-18T21:28:51.505000+00:00,9884,87,1271,13
2025-10-18T21:28:51.505000+00:00,9884,22,1271,14
2025-10-18T21:28:51.505000+00:00,9884,10,1271,7
2025-10-18T21:28:51.505000+00:00,9884,55,1271,9
2025-10-18T21:29:03.762000+00:00,9884,31,1271,17
2025-10-18T21:29:03.762000+00:00,9884,5,1271,16
2025-10-18T21:29:03.762000+00:00,9884,18,1271,18
2025-10-18T21:29:03.762000+00:00,9884,43,1271,15
2025-10-18T21:29:53.747000+00:00,9884,4,1271,13
2025-10-18T21:29:53.747000+00:00,9884,81,1271,12
2025-10-18T21:29:53.747000+00:00,9884,14,1271,11
2025-10-18T21:29:53.747000+00:00,9884,23,1271,8
2025-10-18T21:29:53.747000+00:00,9884,44,1271,9
2025-10-18T21:29:53.747000+00:00,9884,87,1271,14
2025-10-18T21:29:53.747000+00:00,9884,31,1271,18
2025-10-18T21:29:53.747000+00:00,9884,5,1271,17
2025-10-18T21:29:53.747000+00:00,9884,22,1271,15
2025-10-18T21:29:53.747000+00:00,9884,18,1271,19
2025-10-18T21:29:53.747000+00:00,9884,43,1271,16
2025-10-18T21:29:53.747000+00:00,9884,55,1271,10
2025-10-18T21:30:42.541000+00:00,9884,4,1271,12
2025-10-18T21:30:42.541000+00:00,9884,81,1271,11
2025-10-18T21:30:42.541000+00:00,9884,14,1271,10
2025-10-18T21:30:42.541000+00:00,9884,23,1271,19
2025-10-18T21:30:42.541000+00:00,9884,44,1271,8
2025-10-18T21:30:42.541000+00:00,9884,87,1271,13
2025-10-18T21:30:42.541000+00:00,9884,31,1271,17
2025-10-18T21:30:42.541000+00:00,9884,5,1271,16
2025-10-18T21:30:42.541000+00:00,9884,22,1271,14
2025-10-18T21:30:42.541000+00:00,9884,18,1271,18
2025-10-18T21:30:42.541000+00:00,9884,43,1271,15
2025-10-18T21:30:42.541000+00:00,9884,55,1271,9
2025-10-18T21:36:04.887000+00:00,9884,4,1271,13
2025-10-18T21:36:04.887000+00:00,9884,27,1271,7
2025-10-18T21:36:04.887000+00:00,9884,81,1271,12
2025-10-18T21:36:04.887000+00:00,9884,14,1271,11
2025-10-18T21:36:04.887000+00:00,9884,1,1271,2
2025-10-18T21:36:04.887000+00:00,9884,63,1271,3
2025-10-18T21:36:04.887000+00:00,9884,44,1271,9
2025-10-18T21:36:04.887000+00:00,9884,87,1271,1
2025-10-18T21:36:04.887000+00:00,9884,30,1271,6
2025-10-18T21:36:04.887000+00:00,9884,10,1271,8
2025-10-18T21:36:04.887000+00:00,9884,12,1271,4
2025-10-18T21:36:04.887000+00:00,9884,55,1271,10
2025-10-18T21:36:04.887000+00:00,9884,16,1271,5
2025-10-18T21:36:12.349000+00:00,9884,1,1271,3
2025-10-18T21:36:12.349000+00:00,9884,63,1271,1
2025-10-18T21:36:12.349000+00:00,9884,87,1271,2
2025-10-18T21:36:17.748000+00:00,9884,1,1271,4
2025-10-18T21:36:17.748000+00:00,9884,87,1271,3
2025-10-18T21:36:17.748000+00:00,9884,12,1271,2
2025-10-18T21:36:35.862000+00:00,9884,1,1271,5
2025-10-18T21:36:35.862000+00:00,9884,87,1271,4
2025-10-18T21:36:35.862000+00:00,9884,30,1271,3
2025-10-18T21:36:35.862000+00:00,9884,16,1271,6
2025-10-18T21:36:47.056000+00:00,9884,4,1271,14
2025-10-18T21:36:47.056000+00:00,9884,27,1271,8
2025-10-18T21:36:47.056000+00:00,9884,81,1271,13
2025-10-18T21:36:47.056000+00:00,9884,14,1271,12
2025-10-18T21:36:47.056000+00:00,9884,1,1271,6
2025-10-18T21:36:47.056000+00:00,9884,44,1271,10
2025-10-18T21:36:47.056000+00:00,9884,22,1271,15
2025-10-18T21:36:47.056000+00:00,9884,43,1271,5
2025-10-18T21:36:47.056000+00:00,9884,10,1271,9
2025-10-18T21:36:47.056000+00:00,9884,55,1271,11
2025-10-18T21:36:47.056000+00:00,9884,16,1271,7
2025-10-18T21:37:05.716000+00:00,9884,27,1271,9
2025-10-18T21:37:05.716000+00:00,9884,1,1271,7
2025-10-18T21:37:05.716000+00:00,9884,87,1271,5
2025-10-18T21:37:05.716000+00:00,9884,43,1271,6
2025-10-18T21:37:05.716000+00:00,9884,10,1271,4
2025-10-18T21:37:05.716000+00:00,9884,16,1271,8
2025-10-18T21:37:09.162000+00:00,9884,27,1271,10
2025-10-18T21:37:09.162000+00:00,9884,1,1271,8
2025-10-18T21:37:09.162000+00:00,9884,44,1271,11
2025-10-18T21:37:09.162000+00:00,9884,87,1271,6
2025-10-18T21:37:09.162000+00:00,9884,43,1271,7
2025-10-18T21:37:09.162000+00:00,9884,55,1271,5
2025-10-18T21:37:09.162000+00:00,9884,16,1271,9
2025-10-18T21:37:26.871000+00:00,9884,27,1271,11
2025-10-18T21:37:26.871000+00:00,9884,14,1271,6
2025-10-18T21:37:26.871000+00:00,9884,1,1271,9
2025-10-18T21:37:26.871000+00:00,9884,44,1271,12
2025-10-18T21:37:26.871000+00:00,9884,87,1271,7
2025-10-18T21:37:26.871000+00:00,9884,43,1271,8
2025-10-18T21:37:26.871000+00:00,9884,16,1271,10
2025-10-18T21:37:49.387000+00:00,9884,27,1271,4
2025-10-18T21:37:49.387000+00:00,9884,14,1271,7
2025-10-18T21:37:49.387000+00:00,9884,1,1271,10
2025-10-18T21:37:49.387000+00:00,9884,87,1271,8
2025-10-18T21:37:49.387000+00:00,9884,43,1271,9
2025-10-18T21:37:49.387000+00:00,9884,10,1271,5
2025-10-18T21:37:49.387000+00:00,9884,55,1271,6
2025-10-18T21:37:49.387000+00:00,9884,16,1271,11
2025-10-18T21:38:04.243000+00:00,9884,4,1271,8
2025-10-18T21:38:04.243000+00:00,9884,81,1271,14
2025-10-18T21:38:04.243000+00:00,9884,1,1271,11
2025-10-18T21:38:04.243000+00:00,9884,44,1271,13
2025-10-18T21:38:04.243000+00:00,9884,87,1271,9
2025-10-18T21:38:04.243000+00:00,9884,43,1271,10
2025-10-18T21:38:04.243000+00:00,9884,16,1271,12
2025-10-18T21:38:10.065000+00:00,9884,4,1271,9
2025-10-18T21:38:10.065000+00:00,9884,27,1271,5
2025-10-18T21:38:10.065000+00:00,9884,14,1271,8
2025-10-18T21:38:10.065000+00:00,9884,63,1271,2
2025-10-18T21:38:10.065000+00:00,9884,87,1271,1
2025-10-18T21:38:10.065000+00:00,9884,30,1271,4
2025-10-18T21:38:10.065000+00:00,9884,10,1271,6
2025-10-18T21:38:10.065000+00:00,9884,12,1271,3
2025-10-18T21:38:10.065000+00:00,9884,55,1271,7
2025-10-18T21:38:17.691000+00:00,9884,4,1271,10
2025-10-18T21:38:17.691000+00:00,9884,27,1271,6
2025-10-18T21:38:17.691000+00:00,9884,14,1271,9
2025-10-18T21:38:17.691000+00:00,9884,1,1271,2
2025-10-18T21:38:17.691000+00:00,9884,63,1271,3
2025-10-18T21:38:17.691000+00:00,9884,30,1271,5
2025-10-18T21:38:17.691000+00:00,9884,43,1271,11
2025-10-18T21:38:17.691000+00:00,9884,10,1271,7
2025-10-18T21:38:17.691000+00:00,9884,12,1271,4
2025-10-18T21:38:17.691000+00:00,9884,55,1271,8
2025-10-18T21:38:17.889000+00:00,9884,1,1271,3
2025-10-18T21:38:17.889000+00:00,9884,63,1271,4
2025-10-18T21:38:17.889000+00:00,9884,87,1271,2
2025-10-18T21:38:17.889000+00:00,9884,12,1271,1
2025-10-18T21:38:25.788000+00:00,9884,81,1271,15
2025-10-18T21:38:25.788000+00:00,9884,44,1271,14
2025-10-18T21:38:25.788000+00:00,9884,22,1271,11
2025-10-18T21:38:25.788000+00:00,9884,43,1271,12
2025-10-18T21:38:25.788000+00:00,9884,16,1271,13
2025-10-18T21:38:35.214000+00:00,9884,1,1271,4
2025-10-18T21:38:35.214000+00:00,9884,63,1271,1
2025-10-18T21:38:35.214000+00:00,9884,87,1271,3
2025-10-18T21:38:35.214000+00:00,9884,12,1271,2
2025-10-18T21:38:37.052000+00:00,9884,4,1271,11
2025-10-18T21:38:37.052000+00:00,9884,81,1271,10
2025-10-18T21:38:37.052000+00:00,9884,44,1271,15
2025-10-18T21:38:37.052000+00:00,9884,22,1271,12
2025-10-18T21:38:37.052000+00:00,9884,43,1271,13
2025-10-18T21:38:37.052000+00:00,9884,16,1271,14
2025-10-18T21:38:45.289000+00:00,9884,1,1271,5
2025-10-18T21:38:45.289000+00:00,9884,87,1271,4
2025-10-18T21:38:45.289000+00:00,9884,30,1271,3
2025-10-18T21:38:47.236000+00:00,9884,4,1271,12
2025-10-18T21:38:47.236000+00:00,9884,27,1271,7
2025-10-18T21:38:47.236000+00:00,9884,81,1271,11
2025-10-18T21:38:47.236000+00:00,9884,14,1271,10
2025-10-18T21:38:47.236000+00:00,9884,22,1271,13
2025-10-18T21:38:47.236000+00:00,9884,43,1271,14
2025-10-18T21:38:47.236000+00:00,9884,10,1271,8
2025-10-18T21:38:47.236000+00:00,9884,55,1271,9
2025-10-18T21:38:47.236000+00:00,9884,16,1271,6
2025-10-18T21:38:54.744000+00:00,9884,4,1271,13
2025-10-18T21:38:54.744000+00:00,9884,81,1271,12
2025-10-18T21:38:54.744000+00:00,9884,14,1271,11
2025-10-18T21:38:54.744000+00:00,9884,44,1271,9
2025-10-18T21:38:54.744000+00:00,9884,22,1271,14
2025-10-18T21:38:54.744000+00:00,9884,43,1271,15
2025-10-18T21:38:54.744000+00:00,9884,55,1271,10
2025-10-18T21:38:57.268000+00:00,9884,4,1271,14
2025-10-18T21:38:57.268000+00:00,9884,27,1271,8
2025-10-18T21:38:57.268000+00:00,9884,81,1271,13
2025-10-18T21:38:57.268000+00:00,9884,14,1271,12
2025-10-18T21:38:57.268000+00:00,9884,1,1271,6
2025-10-18T21:38:57.268000+00:00,9884,44,1271,10
2025-10-18T21:38:57.268000+00:00,9884,22,1271,15
2025-10-18T21:38:57.268000+00:00,9884,43,1271,5
2025-10-18T21:38:57.268000+00:00,9884,10,1271,9
2025-10-18T21:38:57.268000+00:00,9884,55,1271,11
2025-10-18T21:38:57.268000+00:00,9884,16,1271,7
2025-10-18T21:39:08.175000+00:00,9884,27,1271,9
2025-10-18T21:39:08.175000+00:00,9884,1,1271,7
2025-10-18T21:39:08.175000+00:00,9884,87,1271,5
2025-10-18T21:39:08.175000+00:00,9884,43,1271,6
2025-10-18T21:39:08.175000+00:00,9884,10,1271,4
2025-10-18T21:39:08.175000+00:00,9884,16,1271,8
2025-10-18T21:39:18.842000+00:00,9884,27,1271,10
2025-10-18T21:39:18.842000+00:00,9884,1,1271,8
2025-10-18T21:39:18.842000+00:00,9884,44,1271,11
2025-10-18T21:39:18.842000+00:00,9884,87,1271,6
2025-10-18T21:39:18.842000+00:00,9884,43,1271,7
2025-10-18T21:39:18.842000+00:00,9884,55,1271,5
2025-10-18T21:39:18.842000+00:00,9884,16,1271,9
2025-10-18T21:39:40.350000+00:00,9884,27,1271,11
2025-10-18T21:39:40.350000+00:00,9884,14,1271,6
2025-10-18T21:39:40.350000+00:00,9884,1,1271,9
2025-10-18T21:39:40.350000+00:00,9884,44,1271,12
2025-10-18T21:39:40.350000+00:00,9884,87,1271,7
2025-10-18T21:39:40.350000+00:00,9884,43,1271,8
2025-10-18T21:39:40.350000+00:00,9884,16,1271,10
2025-10-18T21:39:43.351000+00:00,9884,14,1271,7
2025-10-18T21:39:43.351000+00:00,9884,63,1271,2
2025-10-18T21:39:43.351000+00:00,9884,87,1271,1
2025-10-18T21:39:43.351000+00:00,9884,30,1271,4
2025-10-18T21:39:43.351000+00:00,9884,10,1271,5
2025-10-18T21:39:43.351000+00:00,9884,12,1271,3
2025-10-18T21:39:43.351000+00:00,9884,55,1271,6
2025-10-18T21:39:47.918000+00:00,9884,27,1271,5
2025-10-18T21:39:47.918000+00:00,9884,14,1271,8
2025-10-18T21:39:47.918000+00:00,9884,1,1271,10
2025-10-18T21:39:47.918000+00:00,9884,43,1271,9
2025-10-18T21:39:47.918000+00:00,9884,10,1271,6
2025-10-18T21:39:47.918000+00:00,9884,55,1271,7
2025-10-18T21:39:47.918000+00:00,9884,16,1271,11
2025-10-18T21:39:51.042000+00:00,9884,63,1271,3
2025-10-18T21:39:51.042000+00:00,9884,87,1271,2
2025-10-18T21:39:51.042000+00:00,9884,12,1271,1
2025-10-18T21:40:01.700000+00:00,9884,4,1271,9
2025-10-18T21:40:01.700000+00:00,9884,81,1271,14
2025-10-18T21:40:01.700000+00:00,9884,1,1271,11
2025-10-18T21:40:01.700000+00:00,9884,44,1271,13
2025-10-18T21:40:01.700000+00:00,9884,43,1271,10
2025-10-18T21:40:01.700000+00:00,9884,16,1271,12
2025-10-18T21:40:11.972000+00:00,9884,4,1271,10
2025-10-18T21:40:11.972000+00:00,9884,27,1271,6
2025-10-18T21:40:11.972000+00:00,9884,14,1271,9
2025-10-18T21:40:11.972000+00:00,9884,1,1271,4
2025-10-18T21:40:11.972000+00:00,9884,30,1271,5
2025-10-18T21:40:11.972000+00:00,9884,43,1271,11
2025-10-18T21:40:11.972000+00:00,9884,10,1271,7
2025-10-18T21:40:11.972000+00:00,9884,55,1271,8
2025-10-18T21:40:18.589000+00:00,9884,1,1271,5
2025-10-18T21:40:18.589000+00:00,9884,63,1271,4
2025-10-18T21:40:18.589000+00:00,9884,30,1271,3
2025-10-18T21:40:32.225000+00:00,9884,81,1271,15
2025-10-18T21:40:32.225000+00:00,9884,44,1271,14
2025-10-18T21:40:32.225000+00:00,9884,22,1271,11
2025-10-18T21:40:32.225000+00:00,9884,43,1271,12
2025-10-18T21:40:32.225000+00:00,9884,16,1271,13
2025-10-18T21:40:42.299000+00:00,9884,27,1271,7
2025-10-18T21:40:42.299000+00:00,9884,1,1271,6
2025-10-18T21:40:42.299000+00:00,9884,10,1271,5
2025-10-18T21:40:43.106000+00:00,9884,4,1271,11
2025-10-18T21:40:43.106000+00:00,9884,81,1271,10
2025-10-18T21:40:43.106000+00:00,9884,44,1271,15
2025-10-18T21:40:43.106000+00:00,9884,22,1271,12
2025-10-18T21:40:43.106000+00:00,9884,43,1271,13
2025-10-18T21:40:43.106000+00:00,9884,16,1271,14
2025-10-18T21:40:46.610000+00:00,9884,4,1271,12
2025-10-18T21:40:46.610000+00:00,9884,27,1271,8
2025-10-18T21:40:46.610000+00:00,9884,81,1271,11
2025-10-18T21:40:46.610000+00:00,9884,14,1271,10
2025-10-18T21:40:46.610000+00:00,9884,1,1271,7
2025-10-18T21:40:46.610000+00:00,9884,22,1271,13
2025-10-18T21:40:46.610000+00:00,9884,43,1271,6
2025-10-18T21:40:46.610000+00:00,9884,55,1271,9
2025-10-18T21:40:51.643000+00:00,9884,27,1271,9
2025-10-18T21:40:51.643000+00:00,9884,1,1271,8
2025-10-18T21:40:51.643000+00:00,9884,63,1271,5
2025-10-18T21:40:51.643000+00:00,9884,87,1271,3
2025-10-18T21:40:51.643000+00:00,9884,30,1271,4
2025-10-18T21:40:51.643000+00:00,9884,43,1271,7
2025-10-18T21:40:51.643000+00:00,9884,10,1271,6
2025-10-18T21:40:51.643000+00:00,9884,55,1271,2
2025-10-18T21:41:01.234000+00:00,9884,4,1271,13
2025-10-18T21:41:01.234000+00:00,9884,27,1271,10
2025-10-18T21:41:01.234000+00:00,9884,81,1271,12
2025-10-18T21:41:01.234000+00:00,9884,14,1271,11
2025-10-18T21:41:01.234000+00:00,9884,22,1271,14
2025-10-18T21:41:01.234000+00:00,9884,16,1271,9
2025-10-18T21:41:13.567000+00:00,9884,27,1271,11
2025-10-18T21:41:13.567000+00:00,9884,14,1271,3
2025-10-18T21:41:13.567000+00:00,9884,1,1271,9
2025-10-18T21:41:13.567000+00:00,9884,63,1271,6
2025-10-18T21:41:13.567000+00:00,9884,87,1271,4
2025-10-18T21:41:13.567000+00:00,9884,30,1271,5
2025-10-18T21:41:13.567000+00:00,9884,43,1271,8
2025-10-18T21:41:13.567000+00:00,9884,10,1271,7
2025-10-18T21:41:13.567000+00:00,9884,16,1271,10
2025-10-18T21:41:15.977000+00:00,9884,4,1271,14
2025-10-18T21:41:15.977000+00:00,9884,81,1271,13
2025-10-18T21:41:15.977000+00:00,9884,44,1271,12
2025-10-18T21:41:15.977000+00:00,9884,22,1271,15
2025-10-18T21:41:21.088000+00:00,9884,27,1271,5
2025-10-18T21:41:21.088000+00:00,9884,1,1271,10
2025-10-18T21:41:21.088000+00:00,9884,63,1271,7
2025-10-18T21:41:21.088000+00:00,9884,30,1271,6
2025-10-18T21:41:21.088000+00:00,9884,43,1271,9
2025-10-18T21:41:21.088000+00:00,9884,10,1271,8
2025-10-18T21:41:21.088000+00:00,9884,16,1271,11
2025-10-18T21:41:28.352000+00:00,9884,1,1271,9
2025-10-18T21:41:28.352000+00:00,9884,43,1271,8
2025-10-18T21:41:28.352000+00:00,9884,10,1271,11
2025-10-18T21:41:28.352000+00:00,9884,16,1271,10
2025-10-18T21:41:34.749000+00:00,9884,4,1271,1
2025-10-18T21:41:34.749000+00:00,9884,27,1271,6
2025-10-18T21:41:34.749000+00:00,9884,81,1271,14
2025-10-18T21:41:34.749000+00:00,9884,14,1271,4
2025-10-18T21:41:34.749000+00:00,9884,1,1271,10
2025-10-18T21:41:34.749000+00:00,9884,63,1271,8
2025-10-18T21:41:34.749000+00:00,9884,44,1271,13
2025-10-18T21:41:34.749000+00:00,9884,87,1271,5
2025-10-18T21:41:34.749000+00:00,9884,30,1271,7
2025-10-18T21:41:34.749000+00:00,9884,43,1271,9
2025-10-18T21:41:34.749000+00:00,9884,10,1271,12
2025-10-18T21:41:34.749000+00:00,9884,12,1271,2
2025-10-18T21:41:34.749000+00:00,9884,55,1271,3
2025-10-18T21:41:34.749000+00:00,9884,16,1271,11
2025-10-18T21:41:44.743000+00:00,9884,4,1271,2
2025-10-18T21:41:44.743000+00:00,9884,27,1271,7
2025-10-18T21:41:44.743000+00:00,9884,14,1271,5
2025-10-18T21:41:44.743000+00:00,9884,1,1271,1
2025-10-18T21:41:44.743000+00:00,9884,63,1271,9
2025-10-18T21:41:44.743000+00:00,9884,87,1271,6
2025-10-18T21:41:44.743000+00:00,9884,30,1271,8
2025-10-18T21:41:44.743000+00:00,9884,43,1271,10
2025-10-18T21:41:44.743000+00:00,9884,12,1271,3
2025-10-18T21:41:44.743000+00:00,9884,55,1271,4
2025-10-18T21:42:05.645000+00:00,9884,81,1271,15
2025-10-18T21:42:05.645000+00:00,9884,44,1271,14
2025-10-18T21:42:05.645000+00:00,9884,22,1271,10
2025-10-18T21:42:05.645000+00:00,9884,43,1271,11
2025-10-18T21:42:05.645000+00:00,9884,10,1271,13
2025-10-18T21:42:05.645000+00:00,9884,16,1271,12
2025-10-18T21:42:16.288000+00:00,9884,27,1271,8
2025-10-18T21:42:16.288000+00:00,9884,81,1271,5
2025-10-18T21:42:16.288000+00:00,9884,14,1271,6
2025-10-18T21:42:16.288000+00:00,9884,63,1271,10
2025-10-18T21:42:16.288000+00:00,9884,44,1271,15
2025-10-18T21:42:16.288000+00:00,9884,87,1271,7
2025-10-18T21:42:16.288000+00:00,9884,22,1271,11
2025-10-18T21:42:16.288000+00:00,9884,30,1271,9
2025-10-18T21:42:16.288000+00:00,9884,43,1271,12
2025-10-18T21:42:16.288000+00:00,9884,10,1271,14
2025-10-18T21:42:16.288000+00:00,9884,16,1271,13
2025-10-18T21:42:35.572000+00:00,9884,4,1271,3
2025-10-18T21:42:35.572000+00:00,9884,27,1271,9
2025-10-18T21:42:35.572000+00:00,9884,81,1271,6
2025-10-18T21:42:35.572000+00:00,9884,14,1271,7
2025-10-18T21:42:35.572000+00:00,9884,63,1271,11
2025-10-18T21:42:35.572000+00:00,9884,87,1271,8
2025-10-18T21:42:35.572000+00:00,9884,22,1271,12
2025-10-18T21:42:35.572000+00:00,9884,30,1271,10
2025-10-18T21:42:35.572000+00:00,9884,43,1271,13
2025-10-18T21:42:35.572000+00:00,9884,12,1271,4
2025-10-18T21:42:35.572000+00:00,9884,55,1271,5
2025-10-18T21:42:35.572000+00:00,9884,16,1271,2
2025-10-18T21:42:48.849000+00:00,9884,27,1271,10
2025-10-18T21:42:48.849000+00:00,9884,81,1271,7
2025-10-18T21:42:48.849000+00:00,9884,14,1271,8
2025-10-18T21:42:48.849000+00:00,9884,63,1271,12
2025-10-18T21:42:48.849000+00:00,9884,44,1271,4
2025-10-18T21:42:48.849000+00:00,9884,87,1271,9
2025-10-18T21:42:48.849000+00:00,9884,22,1271,13
2025-10-18T21:42:48.849000+00:00,9884,30,1271,11
2025-10-18T21:42:48.849000+00:00,9884,43,1271,14
2025-10-18T21:42:48.849000+00:00,9884,10,1271,15
2025-10-18T21:42:48.849000+00:00,9884,12,1271,5
2025-10-18T21:42:48.849000+00:00,9884,55,1271,6
2025-10-18T21:48:06.735000+00:00,9884,27,1271,11
2025-10-18T21:48:06.735000+00:00,9884,81,1271,8
2025-10-18T21:48:06.735000+00:00,9884,14,1271,9
2025-10-18T21:48:06.735000+00:00,9884,63,1271,6
2025-10-18T21:48:06.735000+00:00,9884,87,1271,10
2025-10-18T21:48:06.735000+00:00,9884,30,1271,12
2025-10-18T21:48:06.735000+00:00,9884,55,1271,7
2025-10-18T21:51:31.166000+00:00,9884,43,1271,15
2025-10-18T21:51:31.166000+00:00,9884,10,1271,14
2025-10-18T21:59:05.492000+00:00,9884,4,1271,4
2025-10-18T21:59:05.492000+00:00,9884,81,1271,9
2025-10-18T21:59:05.492000+00:00,9884,14,1271,10
2025-10-18T21:59:05.492000+00:00,9884,1,1271,2
2025-10-18T21:59:05.492000+00:00,9884,63,1271,7
2025-10-18T21:59:05.492000+00:00,9884,44,1271,5
2025-10-18T21:59:05.492000+00:00,9884,87,1271,1
2025-10-18T21:59:05.492000+00:00,9884,12,1271,6
2025-10-18T21:59:05.492000+00:00,9884,55,1271,8
2025-10-18T21:59:05.492000+00:00,9884,16,1271,3
2025-10-18T21:59:10.546000+00:00,9884,4,1271,5
2025-10-18T21:59:10.546000+00:00,9884,81,1271,1
2025-10-18T21:59:10.546000+00:00,9884,1,1271,3
2025-10-18T21:59:10.546000+00:00,9884,63,1271,8
2025-10-18T21:59:10.546000+00:00,9884,44,1271,6
2025-10-18T21:59:10.546000+00:00,9884,87,1271,2
2025-10-18T21:59:10.546000+00:00,9884,12,1271,7
2025-10-18T21:59:10.546000+00:00,9884,55,1271,9
2025-10-18T21:59:10.546000+00:00,9884,16,1271,4
2025-10-18T21:59:24.393000+00:00,9884,4,1271,6
2025-10-18T21:59:24.393000+00:00,9884,81,1271,2
2025-10-18T21:59:24.393000+00:00,9884,1,1271,4
2025-10-18T21:59:24.393000+00:00,9884,63,1271,1
2025-10-18T21:59:24.393000+00:00,9884,44,1271,7
2025-10-18T21:59:24.393000+00:00,9884,87,1271,3
2025-10-18T21:59:24.393000+00:00,9884,12,1271,8
2025-10-18T21:59:24.393000+00:00,9884,16,1271,5
2025-10-18T21:59:43.891000+00:00,9884,4,1271,7
2025-10-18T21:59:43.891000+00:00,9884,81,1271,3
2025-10-18T21:59:43.891000+00:00,9884,1,1271,5
2025-10-18T21:59:43.891000+00:00,9884,63,1271,2
2025-10-18T21:59:43.891000+00:00,9884,44,1271,8
2025-10-18T21:59:43.891000+00:00,9884,87,1271,4
2025-10-18T21:59:43.891000+00:00,9884,12,1271,1
2025-10-18T21:59:43.891000+00:00,9884,16,1271,6
2025-10-18T21:59:50.254000+00:00,9884,81,1271,4
2025-10-18T21:59:50.254000+00:00,9884,1,1271,6
2025-10-18T21:59:50.254000+00:00,9884,63,1271,3
2025-10-18T21:59:50.254000+00:00,9884,87,1271,5
2025-10-18T21:59:50.254000+00:00,9884,12,1271,2
2025-10-18T21:59:50.254000+00:00,9884,16,1271,1
2025-10-18T21:59:56.479000+00:00,9884,4,1271,8
2025-10-18T21:59:56.479000+00:00,9884,81,1271,5
2025-10-18T21:59:56.479000+00:00,9884,1,1271,7
2025-10-18T21:59:56.479000+00:00,9884,44,1271,9
2025-10-18T21:59:56.479000+00:00,9884,87,1271,6
2025-10-18T21:59:56.479000+00:00,9884,55,1271,4
2025-10-18T22:00:07.542000+00:00,9884,4,1271,9
2025-10-18T22:00:07.542000+00:00,9884,81,1271,6
2025-10-18T22:00:07.542000+00:00,9884,1,1271,8
2025-10-18T22:00:07.542000+00:00,9884,63,1271,4
2025-10-18T22:00:07.542000+00:00,9884,44,1271,2
2025-10-18T22:00:07.542000+00:00,9884,87,1271,7
2025-10-18T22:00:07.542000+00:00,9884,12,1271,3
2025-10-18T22:00:07.542000+00:00,9884,55,1271,5
2025-10-18T22:00:36.496000+00:00,9884,4,1271,2
2025-10-18T22:00:36.496000+00:00,9884,81,1271,7
2025-10-18T22:00:36.496000+00:00,9884,1,1271,9
2025-10-18T22:00:36.496000+00:00,9884,63,1271,5
2025-10-18T22:00:36.496000+00:00,9884,44,1271,3
2025-10-18T22:00:36.496000+00:00,9884,87,1271,8
2025-10-18T22:00:36.496000+00:00,9884,12,1271,4
2025-10-18T22:00:36.496000+00:00,9884,55,1271,6
2025-10-18T22:00:46.346000+00:00,9884,14,1271,8
2025-10-18T22:00:46.346000+00:00,9884,1,1271,10
2025-10-18T22:00:46.346000+00:00,9884,87,1271,9
2025-10-18T22:01:01.005000+00:00,9884,4,1271,3
2025-10-18T22:01:01.005000+00:00,9884,81,1271,8
2025-10-18T22:01:01.005000+00:00,9884,14,1271,9
2025-10-18T22:01:01.005000+00:00,9884,1,1271,1
2025-10-18T22:01:01.005000+00:00,9884,63,1271,6
2025-10-18T22:01:01.005000+00:00,9884,44,1271,4
2025-10-18T22:01:01.005000+00:00,9884,87,1271,10
2025-10-18T22:01:01.005000+00:00,9884,12,1271,5
2025-10-18T22:01:01.005000+00:00,9884,55,1271,7
2025-10-18T22:01:01.005000+00:00,9884,16,1271,2
2025-10-18T22:01:05.542000+00:00,9884,4,1271,4
2025-10-18T22:01:05.542000+00:00,9884,81,1271,9
2025-10-18T22:01:05.542000+00:00,9884,14,1271,10
2025-10-18T22:01:05.542000+00:00,9884,1,1271,2
2025-10-18T22:01:05.542000+00:00,9884,63,1271,7
2025-10-18T22:01:05.542000+00:00,9884,44,1271,5
2025-10-18T22:01:05.542000+00:00,9884,87,1271,1
2025-10-18T22:01:05.542000+00:00,9884,12,1271,6
2025-10-18T22:01:05.542000+00:00,9884,55,1271,8
2025-10-18T22:01:05.542000+00:00,9884,16,1271,3
2025-10-18T22:01:17.552000+00:00,9884,4,1271,5
2025-10-18T22:01:17.552000+00:00,9884,81,1271,1
2025-10-18T22:01:17.552000+00:00,9884,1,1271,3
2025-10-18T22:01:17.552000+00:00,9884,63,1271,8
2025-10-18T22:01:17.552000+00:00,9884,44,1271,6
2025-10-18T22:01:17.552000+00:00,9884,87,1271,2
2025-10-18T22:01:17.552000+00:00,9884,12,1271,7
2025-10-18T22:01:17.552000+00:00,9884,55,1271,9
2025-10-18T22:01:17.552000+00:00,9884,16,1271,4
2025-10-18T22:01:26.017000+00:00,9884,4,1271,6
2025-10-18T22:01:26.017000+00:00,9884,81,1271,2
2025-10-18T22:01:26.017000+00:00,9884,1,1271,4
2025-10-18T22:01:26.017000+00:00,9884,63,1271,1
2025-10-18T22:01:26.017000+00:00,9884,44,1271,7
2025-10-18T22:01:26.017000+00:00,9884,87,1271,3
2025-10-18T22:01:26.017000+00:00,9884,12,1271,8
2025-10-18T22:01:26.017000+00:00,9884,16,1271,5
2025-10-18T22:01:39.332000+00:00,9884,4,1271,7
2025-10-18T22:01:39.332000+00:00,9884,81,1271,3
2025-10-18T22:01:39.332000+00:00,9884,1,1271,5
2025-10-18T22:01:39.332000+00:00,9884,63,1271,2
2025-10-18T22:01:39.332000+00:00,9884,44,1271,8
2025-10-18T22:01:39.332000+00:00,9884,87,1271,4
2025-10-18T22:01:39.332000+00:00,9884,12,1271,1
2025-10-18T22:01:39.332000+00:00,9884,16,1271,6
2025-10-18T22:01:56.928000+00:00,9884,81,1271,4
2025-10-18T22:01:56.928000+00:00,9884,1,1271,6
2025-10-18T22:01:56.928000+00:00,9884,63,1271,3
2025-10-18T22:01:56.928000+00:00,9884,87,1271,5
2025-10-18T22:01:56.928000+00:00,9884,12,1271,2
2025-10-18T22:01:56.928000+00:00,9884,16,1271,1
2025-10-18T22:02:07.652000+00:00,9884,4,1271,8
2025-10-18T22:02:07.652000+00:00,9884,81,1271,5
2025-10-18T22:02:07.652000+00:00,9884,1,1271,7
2025-10-18T22:02:07.652000+00:00,9884,44,1271,9
2025-10-18T22:02:07.652000+00:00,9884,87,1271,6
2025-10-18T22:02:07.652000+00:00,9884,55,1271,4
2025-10-18T22:02:24.322000+00:00,9884,4,1271,9
2025-10-18T22:02:24.322000+00:00,9884,81,1271,6
2025-10-18T22:02:24.322000+00:00,9884,1,1271,8
2025-10-18T22:02:24.322000+00:00,9884,63,1271,4
2025-10-18T22:02:24.322000+00:00,9884,44,1271,2
2025-10-18T22:02:24.322000+00:00,9884,87,1271,7
2025-10-18T22:02:24.322000+00:00,9884,12,1271,3
2025-10-18T22:02:24.322000+00:00,9884,55,1271,5
2025-10-18T22:02:31.880000+00:00,9884,4,1271,2
2025-10-18T22:02:31.880000+00:00,9884,81,1271,7
2025-10-18T22:02:31.880000+00:00,9884,1,1271,9
2025-10-18T22:02:31.880000+00:00,9884,63,1271,5
2025-10-18T22:02:31.880000+00:00,9884,44,1271,3
2025-10-18T22:02:31.880000+00:00,9884,87,1271,8
2025-10-18T22:02:31.880000+00:00,9884,12,1271,4
2025-10-18T22:02:31.880000+00:00,9884,55,1271,6
2025-10-18T22:02:38.653000+00:00,9884,4,1271,3
2025-10-18T22:02:38.653000+00:00,9884,81,1271,8
2025-10-18T22:02:38.653000+00:00,9884,63,1271,6
2025-10-18T22:02:38.653000+00:00,9884,44,1271,4
2025-10-18T22:02:38.653000+00:00,9884,87,1271,1
2025-10-18T22:02:38.653000+00:00,9884,12,1271,5
2025-10-18T22:02:38.653000+00:00,9884,55,1271,7
2025-10-18T22:02:38.653000+00:00,9884,16,1271,2
2025-10-18T22:02:51.030000+00:00,9884,4,1271,4
2025-10-18T22:02:51.030000+00:00,9884,81,1271,2
2025-10-18T22:02:51.030000+00:00,9884,63,1271,7
2025-10-18T22:02:51.030000+00:00,9884,44,1271,5
2025-10-18T22:02:51.030000+00:00,9884,12,1271,6
2025-10-18T22:02:51.030000+00:00,9884,55,1271,8
2025-10-18T22:02:51.030000+00:00,9884,16,1271,3
2025-10-18T22:02:51.701000+00:00,9884,14,1271,9
2025-10-18T22:02:51.701000+00:00,9884,1,1271,10
2025-10-18T22:02:58.955000+00:00,9884,4,1271,5
2025-10-18T22:02:58.955000+00:00,9884,81,1271,3
2025-10-18T22:02:58.955000+00:00,9884,63,1271,1
2025-10-18T22:02:58.955000+00:00,9884,44,1271,6
2025-10-18T22:02:58.955000+00:00,9884,87,1271,2
2025-10-18T22:02:58.955000+00:00,9884,12,1271,7
2025-10-18T22:02:58.955000+00:00,9884,16,1271,4
2025-10-18T22:03:01.553000+00:00,9884,4,1271,6
2025-10-18T22:03:01.553000+00:00,9884,14,1271,10
2025-10-18T22:03:01.553000+00:00,9884,1,1271,4
2025-10-18T22:03:01.553000+00:00,9884,44,1271,7
2025-10-18T22:03:01.553000+00:00,9884,12,1271,8
2025-10-18T22:03:01.553000+00:00,9884,55,1271,9
2025-10-18T22:03:01.553000+00:00,9884,16,1271,5
2025-10-18T22:03:12.354000+00:00,9884,4,1271,7
2025-10-18T22:03:12.354000+00:00,9884,81,1271,4
2025-10-18T22:03:12.354000+00:00,9884,1,1271,5
2025-10-18T22:03:12.354000+00:00,9884,44,1271,8
2025-10-18T22:03:12.354000+00:00,9884,87,1271,3
2025-10-18T22:03:12.354000+00:00,9884,12,1271,2
2025-10-18T22:03:12.354000+00:00,9884,16,1271,6
2025-10-18T22:03:35.243000+00:00,9884,1,1271,6
2025-10-18T22:03:35.243000+00:00,9884,16,1271,5
2025-10-18T22:03:40.555000+00:00,9884,4,1271,8
2025-10-18T22:03:40.555000+00:00,9884,81,1271,5
2025-10-18T22:03:40.555000+00:00,9884,1,1271,7
2025-10-18T22:03:40.555000+00:00,9884,44,1271,9
2025-10-18T22:03:40.555000+00:00,9884,55,1271,4
2025-10-18T22:03:40.555000+00:00,9884,16,1271,6
2025-10-18T22:03:57.894000+00:00,9884,4,1271,9
2025-10-18T22:03:57.894000+00:00,9884,1,1271,8
2025-10-18T22:03:57.894000+00:00,9884,44,1271,6
2025-10-18T22:03:57.894000+00:00,9884,16,1271,7
2025-10-18T22:04:04.776000+00:00,9884,4,1271,1
2025-10-18T22:04:04.776000+00:00,9884,81,1271,6
2025-10-18T22:04:04.776000+00:00,9884,1,1271,9
2025-10-18T22:04:04.776000+00:00,9884,63,1271,2
2025-10-18T22:04:04.776000+00:00,9884,44,1271,7
2025-10-18T22:04:04.776000+00:00,9884,87,1271,4
2025-10-18T22:04:04.776000+00:00,9884,12,1271,3
2025-10-18T22:04:04.776000+00:00,9884,55,1271,5
2025-10-18T22:04:04.776000+00:00,9884,16,1271,8
2025-10-18T22:04:25.265000+00:00,9884,14,1271,7
2025-10-18T22:04:25.265000+00:00,9884,1,1271,10
2025-10-18T22:04:25.265000+00:00,9884,44,1271,8
2025-10-18T22:04:25.265000+00:00,9884,16,1271,9
2025-10-18T22:04:34.836000+00:00,9884,4,1271,2
2025-10-18T22:04:34.836000+00:00,9884,81,1271,7
2025-10-18T22:04:34.836000+00:00,9884,14,1271,8
2025-10-18T22:04:34.836000+00:00,9884,1,1271,1
2025-10-18T22:04:34.836000+00:00,9884,63,1271,3
2025-10-18T22:04:34.836000+00:00,9884,44,1271,9
2025-10-18T22:04:34.836000+00:00,9884,87,1271,5
2025-10-18T22:04:34.836000+00:00,9884,12,1271,4
2025-10-18T22:04:34.836000+00:00,9884,55,1271,6
2025-10-18T22:04:34.836000+00:00,9884,16,1271,10
2025-10-18T22:10:56.055000+00:00,9884,4,1271,3
2025-10-18T22:10:56.055000+00:00,9884,81,1271,8
2025-10-18T22:10:56.055000+00:00,9884,14,1271,9
2025-10-18T22:10:56.055000+00:00,9884,63,1271,4
2025-10-18T22:10:56.055000+00:00,9884,44,1271,10
2025-10-18T22:10:56.055000+00:00,9884,87,1271,6
2025-10-18T22:10:56.055000+00:00,9884,12,1271,5
2025-10-18T22:10:56.055000+00:00,9884,55,1271,7
2025-10-18T22:10:56.055000+00:00,9884,16,1271,2
2025-10-18T22:11:12.207000+00:00,9884,81,1271,9
2025-10-18T22:11:12.207000+00:00,9884,14,1271,10
2025-10-18T22:11:12.207000+00:00,9884,63,1271,5
2025-10-18T22:11:12.207000+00:00,9884,44,1271,4
2025-10-18T22:11:12.207000+00:00,9884,87,1271,7
2025-10-18T22:11:12.207000+00:00,9884,12,1271,6
2025-10-18T22:11:12.207000+00:00,9884,55,1271,8
2025-10-18T22:11:36.724000+00:00,9884,4,1271,4
2025-10-18T22:11:36.724000+00:00,9884,63,1271,3
2025-10-18T22:11:36.724000+00:00,9884,44,1271,5
2025-10-18T22:12:01.184000+00:00,9884,4,1271,2
2025-10-18T22:12:01.184000+00:00,9884,63,1271,4
2025-10-18T22:12:01.184000+00:00,9884,16,1271,3
2025-10-18T22:12:15.168000+00:00,9884,81,1271,6
2025-10-18T22:12:15.168000+00:00,9884,87,1271,8
2025-10-18T22:12:15.168000+00:00,9884,12,1271,7
2025-10-18T22:12:15.168000+00:00,9884,55,1271,9
